,team1,team2,date,year,toss_winner,winner_number,won_toss_game,tied,runs_won_by,wickets_won_by,balls_remaining,toss_decision_bat,toss_decision_bowl,winner_Chennai Super Kings,winner_Deccan Chargers,winner_Delhi Capitals,winner_Kings XI Punjab,winner_Kochi Tuskers Kerala,winner_Kolkata Knight Riders,winner_Mumbai Indians,winner_Pune Warriors,winner_Rajasthan Royals,winner_Rising Pune Supergiants,winner_Royal Challengers Bangalore,winner_Sunrisers Hyderabad
0,5,1,2008-04-27,2008,1,1,1,0,0,10,48,0,1,0,1,0,0,0,0,0,0,0,0,0,0
1,2,9,2009-04-19,2009,2,2,1,0,0,10,7,0,1,0,0,1,0,0,0,0,0,0,0,0,0
2,3,4,2010-03-18,2010,3,3,1,0,0,10,56,0,1,0,0,0,0,0,0,0,0,0,0,1,0
3,5,4,2011-05-20,2011,5,4,0,0,0,10,0,1,0,0,0,0,0,0,0,0,0,1,0,0,0
4,4,5,2012-05-20,2012,4,5,0,0,0,10,0,1,0,0,0,0,0,0,0,1,0,0,0,0,0
5,9,6,2013-04-10,2013,6,6,1,0,0,10,0,0,1,1,0,0,0,0,0,0,0,0,0,0,0
6,2,3,2015-04-26,2015,3,3,1,0,0,10,0,0,1,0,0,0,0,0,0,0,0,0,0,1,0
7,13,7,2016-04-21,2016,7,7,1,0,0,10,0,0,1,0,0,0,0,0,0,0,0,0,0,0,1
8,13,8,2017-04-07,2017,8,8,1,0,0,10,0,0,1,0,0,0,0,0,1,0,0,0,0,0,0
9,9,2,2017-04-30,2017,9,9,1,0,0,10,0,0,1,0,0,0,1,0,0,0,0,0,0,0,0
10,9,3,2018-05-14,2018,3,3,1,0,0,10,0,0,1,0,0,0,0,0,0,0,0,0,0,1,0
11,2,4,2008-04-19,2008,4,2,0,0,0,9,29,1,0,0,0,1,0,0,0,0,0,0,0,0,0
12,1,2,2008-04-22,2008,1,2,0,0,0,9,42,1,0,0,0,1,0,0,0,0,0,0,0,0,0
13,6,8,2008-04-26,2008,8,6,0,0,0,9,18,1,0,1,0,0,0,0,0,0,0,0,0,0,0
14,9,3,2008-05-12,2008,3,9,0,0,0,9,26,1,0,0,0,0,1,0,0,0,0,0,0,0,0
15,5,6,2008-05-14,2008,5,5,1,0,0,9,37,0,1,0,0,0,0,0,0,1,0,0,0,0,0
16,3,5,2008-05-28,2008,5,5,1,0,0,9,12,0,1,0,0,0,0,0,0,1,0,0,0,0,0
17,6,9,2008-05-31,2008,9,6,0,0,0,9,31,1,0,1,0,0,0,0,0,0,0,0,0,0,0
18,3,5,2009-05-03,2009,5,3,0,0,0,9,11,1,0,0,0,0,0,0,0,0,0,0,0,1,0
19,2,8,2009-05-05,2009,8,2,0,0,0,9,6,1,0,0,0,1,0,0,0,0,0,0,0,0,0
20,4,9,2010-04-07,2010,9,4,0,0,0,9,30,1,0,0,0,0,0,0,0,0,0,1,0,0,0
21,6,8,2010-04-13,2010,8,6,0,0,0,9,39,1,0,1,0,0,0,0,0,0,0,0,0,0,0
22,8,5,2010-04-19,2010,5,8,0,0,0,9,15,1,0,0,0,0,0,0,1,0,0,0,0,0,0
23,3,1,2010-04-24,2010,1,3,0,0,0,9,37,1,0,0,0,0,0,0,0,0,0,0,0,1,0
24,3,5,2011-04-12,2011,5,5,1,0,0,9,0,0,1,0,0,0,0,0,0,1,0,0,0,0,0
25,4,8,2011-04-15,2011,8,8,1,0,0,9,0,0,1,0,0,0,0,0,1,0,0,0,0,0,0
26,8,3,2011-04-22,2011,3,3,1,0,0,9,0,0,1,0,0,0,0,0,0,0,0,0,0,1,0
27,3,11,2011-05-08,2011,11,3,0,0,0,9,0,1,0,0,0,0,0,0,0,0,0,0,0,1,0
28,4,3,2011-05-11,2011,3,3,1,0,0,9,0,0,1,0,0,0,0,0,0,0,0,0,0,1,0
29,5,3,2012-05-09,2012,3,3,1,0,0,9,0,0,1,0,0,0,0,0,0,0,0,0,0,1,0
30,1,2,2012-05-10,2012,1,2,0,0,0,9,0,1,0,0,0,1,0,0,0,0,0,0,0,0,0
31,6,2,2012-05-12,2012,6,6,1,0,0,9,0,0,1,1,0,0,0,0,0,0,0,0,0,0,0
32,2,5,2013-04-21,2013,5,2,0,0,0,9,0,1,0,0,0,1,0,0,0,0,0,0,0,0,0
33,4,2,2013-05-07,2013,2,4,0,0,0,9,0,1,0,0,0,0,0,0,0,0,0,1,0,0,0
34,9,8,2014-05-11,2014,8,8,1,0,0,9,0,0,1,0,0,0,0,0,1,0,0,0,0,0,0
35,4,3,2015-04-24,2015,3,3,1,0,0,9,0,0,1,0,0,0,0,0,0,0,0,0,0,1,0
36,2,9,2015-05-01,2015,2,2,1,0,0,9,0,0,1,0,0,1,0,0,0,0,0,0,0,0,0
37,7,5,2015-05-17,2015,7,5,0,0,0,9,0,1,0,0,0,0,0,0,0,1,0,0,0,0,0
38,5,10,2016-04-09,2016,5,10,0,0,0,9,0,1,0,0,0,0,0,0,0,0,0,0,1,0,0
39,8,2,2016-04-10,2016,8,8,1,0,0,9,0,0,1,0,0,0,0,0,1,0,0,0,0,0,0
40,8,3,2016-05-16,2016,3,3,1,0,0,9,0,0,1,0,0,0,0,0,0,0,0,0,0,1,0
41,7,13,2017-04-09,2017,7,7,1,0,0,9,0,0,1,0,0,0,0,0,0,0,0,0,0,0,1
42,10,9,2017-05-14,2017,10,10,1,0,0,9,0,0,1,0,0,0,0,0,0,0,0,0,1,0,0
43,7,4,2018-04-09,2018,7,7,1,0,0,9,0,0,1,0,0,0,0,0,0,0,0,0,0,0,1
44,8,9,2018-04-21,2018,9,9,1,0,0,9,0,0,1,0,0,0,1,0,0,0,0,0,0,0,0
45,2,7,2018-05-10,2018,2,7,0,0,0,9,0,1,0,0,0,0,0,0,0,0,0,0,0,0,1
46,7,8,2019-04-21,2019,7,7,1,0,0,9,0,0,1,0,0,0,0,0,0,0,0,0,0,0,1
47,5,8,2019-05-05,2019,5,5,1,0,0,9,0,0,1,0,0,0,0,0,0,1,0,0,0,0,0
48,6,2,2008-05-02,2008,6,2,0,0,0,8,6,1,0,0,0,1,0,0,0,0,0,0,0,0,0
49,4,6,2008-05-04,2008,6,4,0,0,0,8,34,1,0,0,0,0,0,0,0,0,0,1,0,0,0
50,4,1,2008-05-09,2008,4,4,1,0,0,8,24,0,1,0,0,0,0,0,0,0,0,1,0,0,0
51,5,8,2008-05-16,2008,5,5,1,0,0,8,87,0,1,0,0,0,0,0,0,1,0,0,0,0,0
52,1,8,2009-04-19,2009,8,1,0,0,0,8,41,1,0,0,1,0,0,0,0,0,0,0,0,0,0
53,9,5,2009-05-12,2009,9,5,0,0,0,8,22,1,0,0,0,0,0,0,0,1,0,0,0,0,0
54,3,9,2010-03-16,2010,9,3,0,0,0,8,7,1,0,0,0,0,0,0,0,0,0,0,0,1,0
55,4,1,2010-03-26,2010,1,4,0,0,0,8,26,1,0,0,0,0,0,0,0,0,0,1,0,0,0
56,8,9,2010-04-04,2010,8,9,0,0,0,8,10,1,0,0,0,0,1,0,0,0,0,0,0,0,0
57,8,4,2010-04-17,2010,4,8,0,0,0,8,23,1,0,0,0,0,0,0,1,0,0,0,0,0,0
58,1,4,2011-04-09,2011,4,4,1,0,0,8,0,0,1,0,0,0,0,0,0,0,0,1,0,0,0
59,2,5,2011-04-10,2011,2,5,0,0,0,8,0,1,0,0,0,0,0,0,0,1,0,0,0,0,0
60,5,11,2011-04-15,2011,11,11,1,0,0,8,0,0,1,0,0,0,0,1,0,0,0,0,0,0,0
61,1,9,2011-04-16,2011,9,9,1,0,0,8,0,0,1,0,0,0,1,0,0,0,0,0,0,0,0
62,8,4,2011-04-17,2011,8,8,1,0,0,8,0,0,1,0,0,0,0,0,1,0,0,0,0,0,0
63,4,11,2011-04-24,2011,4,4,1,0,0,8,0,0,1,0,0,0,0,0,0,0,0,1,0,0,0
64,12,6,2011-04-27,2011,12,6,0,0,0,8,0,1,0,1,0,0,0,0,0,0,0,0,0,0,0
65,8,9,2011-04-30,2011,8,8,1,0,0,8,0,0,1,0,0,0,0,0,1,0,0,0,0,0,0
66,6,4,2011-05-04,2011,4,6,0,0,0,8,0,1,0,1,0,0,0,0,0,0,0,0,0,0,0
67,11,4,2011-05-15,2011,11,11,1,0,0,8,0,0,1,0,0,0,0,1,0,0,0,0,0,0,0
68,3,6,2011-05-22,2011,3,3,1,0,0,8,0,0,1,0,0,0,0,0,0,0,0,0,0,1,0
69,6,5,2012-04-04,2012,5,5,1,0,0,8,0,0,1,0,0,0,0,0,0,1,0,0,0,0,0
70,8,2,2012-04-05,2012,2,2,1,0,0,8,0,0,1,0,0,1,0,0,0,0,0,0,0,0,0
71,2,6,2012-04-10,2012,2,2,1,0,0,8,0,0,1,0,0,1,0,0,0,0,0,0,0,0,0
72,9,8,2012-04-18,2012,9,8,0,0,0,8,0,1,0,0,0,0,0,0,1,0,0,0,0,0,0
73,12,2,2012-04-24,2012,12,2,0,0,0,8,0,1,0,0,0,1,0,0,0,0,0,0,0,0,0
74,12,9,2013-04-07,2013,12,9,0,0,0,8,0,1,0,0,0,0,1,0,0,0,0,0,0,0,0
75,3,8,2013-04-11,2013,3,3,1,0,0,8,0,0,1,0,0,0,0,0,0,0,0,0,0,1,0
76,4,7,2013-04-27,2013,7,4,0,0,0,8,0,1,0,0,0,0,0,0,0,0,0,1,0,0,0
77,8,4,2013-05-03,2013,4,8,0,0,0,8,0,1,0,0,0,0,0,0,1,0,0,0,0,0,0
78,9,4,2013-05-09,2013,4,4,1,0,0,8,0,0,1,0,0,0,0,0,0,0,0,1,0,0,0
79,2,3,2014-04-17,2014,3,3,1,0,0,8,0,0,1,0,0,0,0,0,0,0,0,0,0,1,0
80,2,6,2014-05-05,2014,6,6,1,0,0,8,0,0,1,1,0,0,0,0,0,0,0,0,0,0,0
81,2,8,2014-05-07,2014,2,8,0,0,0,8,0,1,0,0,0,0,0,0,1,0,0,0,0,0,0
82,2,7,2014-05-10,2014,7,7,1,0,0,8,0,0,1,0,0,0,0,0,0,0,0,0,0,0,1
83,8,6,2014-05-20,2014,8,8,1,0,0,8,0,0,1,0,0,0,0,0,1,0,0,0,0,0,0
84,3,6,2014-05-24,2014,6,6,1,0,0,8,0,0,1,1,0,0,0,0,0,0,0,0,0,0,0
85,3,7,2015-04-13,2015,7,7,1,0,0,8,0,0,1,0,0,0,0,0,0,0,0,0,0,0,1
86,4,6,2015-04-19,2015,6,4,0,0,0,8,0,1,0,0,0,0,0,0,0,0,0,1,0,0,0
87,2,9,2016-04-15,2016,2,2,1,0,0,8,0,0,1,0,0,1,0,0,0,0,0,0,0,0,0
88,7,8,2016-04-16,2016,7,8,0,0,0,8,0,1,0,0,0,0,0,0,1,0,0,0,0,0,0
89,10,5,2016-05-01,2016,5,5,1,0,0,8,0,0,1,0,0,0,0,0,0,1,0,0,0,0,0
90,13,2,2016-05-03,2016,2,2,1,0,0,8,0,0,1,0,0,1,0,0,0,0,0,0,0,0,0
91,8,10,2016-05-14,2016,10,8,0,0,0,8,0,1,0,0,0,0,0,0,1,0,0,0,0,0,0
92,9,3,2017-04-10,2017,3,9,0,0,0,8,0,1,0,0,0,0,1,0,0,0,0,0,0,0,0
93,8,9,2017-04-13,2017,8,8,1,0,0,8,0,0,1,0,0,0,0,0,1,0,0,0,0,0,0
94,9,5,2017-04-20,2017,5,5,1,0,0,8,0,0,1,0,0,0,0,0,0,1,0,0,0,0,0
95,13,7,2017-05-13,2017,7,7,1,0,0,8,0,0,1,0,0,0,0,0,0,0,0,0,0,0,1
96,6,5,2018-04-28,2018,5,5,1,0,0,8,0,0,1,0,0,0,0,0,0,1,0,0,0,0,0
97,6,7,2018-05-13,2018,6,6,1,0,0,8,0,0,1,1,0,0,0,0,0,0,0,0,0,0,0
98,6,7,2018-05-27,2018,6,6,1,0,0,8,0,0,1,1,0,0,0,0,0,0,0,0,0,0,0
99,9,5,2019-03-30,2019,9,9,1,0,0,8,0,0,1,0,0,0,1,0,0,0,0,0,0,0,0
100,4,8,2019-04-07,2019,8,8,1,0,0,8,0,0,1,0,0,0,0,0,1,0,0,0,0,0,0
101,9,3,2019-04-13,2019,3,3,1,0,0,8,0,0,1,0,0,0,0,0,0,0,0,0,0,1,0
102,3,4,2008-04-26,2008,4,4,1,0,0,7,17,0,1,0,0,0,0,0,0,0,0,1,0,0,0
103,8,5,2008-04-29,2008,8,5,0,0,0,7,8,1,0,0,0,0,0,0,0,1,0,0,0,0,0
104,1,9,2008-05-01,2008,9,9,1,0,0,7,7,0,1,0,0,0,1,0,0,0,0,0,0,0,0
105,6,1,2008-05-06,2008,1,1,1,0,0,7,12,0,1,0,1,0,0,0,0,0,0,0,0,0,0
106,5,4,2008-05-07,2008,5,5,1,0,0,7,29,0,1,0,0,0,0,0,0,1,0,0,0,0,0
107,1,6,2008-05-27,2008,1,6,0,0,0,7,4,1,0,1,0,0,0,0,0,0,0,0,0,0,0
108,3,9,2009-04-24,2009,3,9,0,0,0,7,6,1,0,0,0,0,1,0,0,0,0,0,0,0,0
109,3,4,2009-05-07,2009,4,4,1,0,0,7,30,0,1,0,0,0,0,0,0,0,0,1,0,0,0
110,2,5,2009-05-08,2009,5,2,0,0,0,7,7,1,0,0,0,1,0,0,0,0,0,0,0,0,0
111,6,4,2009-05-09,2009,4,6,0,0,0,7,10,1,0,1,0,0,0,0,0,0,0,0,0,0,0
112,2,8,2009-05-10,2009,2,2,1,0,0,7,17,0,1,0,0,1,0,0,0,0,0,0,0,0,0
113,6,5,2009-05-16,2009,5,6,0,0,0,7,5,1,0,1,0,0,0,0,0,0,0,0,0,0,0
114,6,8,2009-05-18,2009,6,8,0,0,0,7,0,1,0,0,0,0,0,0,1,0,0,0,0,0,0
115,3,2,2009-05-19,2009,2,3,0,0,0,7,6,1,0,0,0,0,0,0,0,0,0,0,0,1,0
116,8,3,2010-03-14,2010,8,8,1,0,0,7,4,0,1,0,0,0,0,0,1,0,0,0,0,0,0
117,5,3,2010-03-20,2010,5,3,0,0,0,7,5,1,0,0,0,0,0,0,0,0,0,0,0,1,0
118,5,8,2010-03-22,2010,8,5,0,0,0,7,9,1,0,0,0,0,0,0,0,1,0,0,0,0,0
119,3,1,2010-04-08,2010,1,1,1,0,0,7,4,0,1,0,1,0,0,0,0,0,0,0,0,0,0
120,3,8,2010-04-10,2010,3,3,1,0,0,7,17,0,1,0,0,0,0,0,0,0,0,0,0,1,0
121,2,9,2010-04-11,2010,2,9,0,0,0,7,8,1,0,0,0,0,1,0,0,0,0,0,0,0,0
122,12,9,2011-04-10,2011,9,12,0,0,0,7,0,1,0,0,0,0,0,0,0,0,1,0,0,0,0
123,11,6,2011-04-18,2011,11,11,1,0,0,7,0,0,1,0,0,0,0,1,0,0,0,0,0,0,0
124,5,12,2011-04-20,2011,12,5,0,0,0,7,0,1,0,0,0,0,0,0,0,1,0,0,0,0,0
125,4,5,2011-04-29,2011,4,4,1,0,0,7,0,0,1,0,0,0,0,0,0,0,0,1,0,0,0
126,2,11,2011-05-02,2011,11,11,1,0,0,7,0,0,1,0,0,0,0,1,0,0,0,0,0,0,0
127,12,8,2011-05-19,2011,8,8,1,0,0,7,0,0,1,0,0,0,0,0,1,0,0,0,0,0,0
128,9,12,2012-04-12,2012,9,9,1,0,0,7,0,0,1,0,0,0,1,0,0,0,0,0,0,0,0
129,12,6,2012-04-14,2012,6,12,0,0,0,7,0,1,0,0,0,0,0,0,0,0,1,0,0,0,0
130,5,2,2012-04-16,2012,2,2,1,0,0,7,0,0,1,0,0,1,0,0,0,0,0,0,0,0,0
131,6,4,2012-04-21,2012,4,6,0,0,0,7,0,1,0,1,0,0,0,0,0,0,0,0,0,0,0
132,12,4,2012-05-08,2012,12,4,0,0,0,7,0,1,0,0,0,0,0,0,0,0,0,1,0,0,0
133,3,7,2013-04-09,2013,7,3,0,0,0,7,0,1,0,0,0,0,0,0,0,0,0,0,0,1,0
134,12,4,2013-04-11,2013,4,12,0,0,0,7,0,1,0,0,0,0,0,0,0,0,1,0,0,0,0
135,3,4,2013-04-20,2013,3,3,1,0,0,7,0,0,1,0,0,0,0,0,0,0,0,0,0,1,0
136,9,12,2013-04-21,2013,9,9,1,0,0,7,0,0,1,0,0,0,1,0,0,0,0,0,0,0,0
137,7,5,2013-05-01,2013,5,7,0,0,0,7,0,1,0,0,0,0,0,0,0,0,0,0,0,0,1
138,2,8,2013-05-01,2013,8,2,0,0,0,7,0,1,0,0,0,1,0,0,0,0,0,0,0,0,0
139,5,7,2013-05-13,2013,7,5,0,0,0,7,0,1,0,0,0,0,0,0,0,1,0,0,0,0,0
140,3,9,2013-05-14,2013,9,9,1,0,0,7,0,0,1,0,0,0,1,0,0,0,0,0,0,0,0
141,3,5,2014-04-19,2014,3,3,1,0,0,7,0,0,1,0,0,0,0,0,0,0,0,0,0,1,0
142,4,9,2014-04-20,2014,9,9,1,0,0,7,0,0,1,0,0,0,1,0,0,0,0,0,0,0,0
143,6,5,2014-04-25,2014,5,6,0,0,0,7,0,1,0,1,0,0,0,0,0,0,0,0,0,0,0
144,2,4,2014-05-03,2014,4,4,1,0,0,7,0,0,1,0,0,0,0,0,0,0,0,1,0,0,0
145,7,5,2014-05-12,2014,7,5,0,0,0,7,0,1,0,0,0,0,0,0,0,1,0,0,0,0,0
146,7,8,2014-05-18,2014,7,8,0,0,0,7,0,1,0,0,0,0,0,0,1,0,0,0,0,0,0
147,7,3,2014-05-20,2014,3,7,0,0,0,7,0,1,0,0,0,0,0,0,0,0,0,0,0,0,1
148,9,5,2014-05-21,2014,5,5,1,0,0,7,0,0,1,0,0,0,0,0,0,1,0,0,0,0,0
149,9,2,2014-05-25,2014,9,9,1,0,0,7,0,0,1,0,0,0,1,0,0,0,0,0,0,0,0
150,6,5,2014-05-28,2014,6,6,1,0,0,7,0,0,1,1,0,0,0,0,0,0,0,0,0,0,0
151,8,5,2015-04-08,2015,8,8,1,0,0,7,0,0,1,0,0,0,0,0,1,0,0,0,0,0,0
152,4,5,2015-04-14,2015,5,4,0,0,0,7,0,1,0,0,0,0,0,0,0,0,0,1,0,0,0
153,8,6,2015-04-30,2015,8,8,1,0,0,7,0,0,1,0,0,0,0,0,1,0,0,0,0,0,0
154,3,8,2015-05-02,2015,3,3,1,0,0,7,0,0,1,0,0,0,0,0,0,0,0,0,0,1,0
155,9,6,2015-05-16,2015,9,6,0,0,0,7,0,1,0,1,0,0,0,0,0,0,0,0,0,0,0
156,13,10,2016-04-14,2016,10,13,0,0,0,7,0,1,0,0,0,0,0,0,0,0,0,0,0,0,0
157,3,2,2016-04-17,2016,2,2,1,0,0,7,0,0,1,0,0,1,0,0,0,0,0,0,0,0,0
158,7,5,2016-04-18,2016,7,7,1,0,0,7,0,0,1,0,0,0,0,0,0,0,0,0,0,0,1
159,2,10,2016-05-05,2016,10,10,1,0,0,7,0,0,1,0,0,0,0,0,0,0,0,0,1,0,0
160,3,10,2016-05-07,2016,3,3,1,0,0,7,0,0,1,0,0,0,0,0,0,0,0,0,0,1,0
161,7,2,2016-05-12,2016,2,2,1,0,0,7,0,0,1,0,0,1,0,0,0,0,0,0,0,0,0
162,5,9,2016-05-13,2016,5,9,0,0,0,7,0,1,0,0,0,0,1,0,0,0,0,0,0,0,0
163,9,7,2016-05-15,2016,9,7,0,0,0,7,0,1,0,0,0,0,0,0,0,0,0,0,0,0,1
164,10,5,2017-04-06,2017,10,10,1,0,0,7,0,0,1,0,0,0,0,0,0,0,0,0,1,0,0
165,13,10,2017-04-14,2017,13,13,1,0,0,7,0,0,1,0,0,0,0,0,0,0,0,0,0,0,0
166,10,8,2017-04-26,2017,8,8,1,0,0,7,0,0,1,0,0,0,0,0,1,0,0,0,0,0,0
167,3,13,2017-04-27,2017,13,13,1,0,0,7,0,0,1,0,0,0,0,0,0,0,0,0,0,0,0
168,8,2,2017-04-28,2017,8,8,1,0,0,7,0,0,1,0,0,0,0,0,1,0,0,0,0,0,0
169,2,13,2017-05-04,2017,2,2,1,0,0,7,0,0,1,0,0,1,0,0,0,0,0,0,0,0,0
170,7,5,2017-05-08,2017,5,7,0,0,0,7,0,1,0,0,0,0,0,0,0,0,0,0,0,0,1
171,7,8,2017-05-17,2017,8,8,1,0,0,7,0,0,1,0,0,0,0,0,1,0,0,0,0,0,0
172,5,2,2018-04-14,2018,2,2,1,0,0,7,0,0,1,0,0,1,0,0,0,0,0,0,0,0,0
173,4,8,2018-04-18,2018,8,8,1,0,0,7,0,0,1,0,0,0,0,0,1,0,0,0,0,0,0
174,7,2,2018-05-05,2018,2,7,0,0,0,7,0,1,0,0,0,0,0,0,0,0,0,0,0,0,1
175,5,4,2018-05-13,2018,4,4,1,0,0,7,0,0,1,0,0,0,0,0,0,0,0,1,0,0,0
176,6,3,2019-03-23,2019,6,6,1,0,0,7,0,0,1,1,0,0,0,0,0,0,0,0,0,0,0
177,4,3,2019-04-02,2019,4,4,1,0,0,7,0,0,1,0,0,0,0,0,0,0,0,1,0,0,0
178,6,8,2019-04-09,2019,6,6,1,0,0,7,0,0,1,1,0,0,0,0,0,0,0,0,0,0,0
179,8,2,2019-04-12,2019,2,2,1,0,0,7,0,0,1,0,0,1,0,0,0,0,0,0,0,0,0
180,4,7,2019-04-27,2019,4,4,1,0,0,7,0,0,1,0,0,0,0,0,0,0,0,1,0,0,0
181,9,8,2019-05-03,2019,8,8,1,0,0,7,0,0,1,0,0,0,0,0,1,0,0,0,0,0,0
182,4,9,2008-04-21,2008,9,4,0,0,0,6,11,1,0,0,0,0,0,0,0,0,0,1,0,0,0
183,3,9,2008-05-05,2008,9,9,1,0,0,6,10,0,1,0,0,0,1,0,0,0,0,0,0,0,0
184,8,4,2008-05-20,2008,4,4,1,0,0,6,21,0,1,0,0,0,0,0,0,0,0,1,0,0,0
185,9,1,2008-05-23,2008,9,9,1,0,0,6,3,0,1,0,0,0,1,0,0,0,0,0,0,0,0
186,3,2,2009-04-26,2009,3,2,0,0,0,6,4,1,0,0,0,1,0,0,0,0,0,0,0,0,0
187,6,1,2009-04-27,2009,1,1,1,0,0,6,3,0,1,0,1,0,0,0,0,0,0,0,0,0,0
188,1,2,2009-04-30,2009,2,2,1,0,0,6,8,0,1,0,0,1,0,0,0,0,0,0,0,0,0
189,9,8,2009-05-03,2009,8,9,0,0,0,6,0,1,0,0,0,0,1,0,0,0,0,0,0,0,0
190,3,8,2009-05-12,2009,3,3,1,0,0,6,4,0,1,0,0,0,0,0,0,0,0,0,0,1,0
191,2,9,2009-05-15,2009,9,9,1,0,0,6,5,0,1,0,0,0,1,0,0,0,0,0,0,0,0
192,1,8,2009-05-16,2009,1,1,1,0,0,6,0,0,1,0,1,0,0,0,0,0,0,0,0,0,0
193,2,1,2009-05-22,2009,1,1,1,0,0,6,14,0,1,0,1,0,0,0,0,0,0,0,0,0,0
194,3,6,2009-05-23,2009,3,3,1,0,0,6,7,0,1,0,0,0,0,0,0,0,0,0,0,1,0
195,4,2,2010-03-15,2010,2,2,1,0,0,6,17,0,1,0,0,1,0,0,0,0,0,0,0,0,0
196,9,3,2010-04-02,2010,9,3,0,0,0,6,5,1,0,0,0,0,0,0,0,0,0,0,0,1,0
197,9,5,2010-04-09,2010,5,9,0,0,0,6,4,1,0,0,0,0,1,0,0,0,0,0,0,0,0
198,1,6,2010-04-10,2010,6,1,0,0,0,6,5,1,0,0,1,0,0,0,0,0,0,0,0,0,0
199,6,2,2010-04-15,2010,6,2,0,0,0,6,8,1,0,0,0,1,0,0,0,0,0,0,0,0,0
200,9,6,2010-04-18,2010,6,6,1,0,0,6,2,0,1,1,0,0,0,0,0,0,0,0,0,0,0
201,11,3,2011-04-09,2011,11,3,0,0,0,6,0,1,0,0,0,0,0,0,0,0,0,0,0,1,0
202,4,2,2011-04-12,2011,2,4,0,0,0,6,0,1,0,0,0,0,0,0,0,0,0,1,0,0,0
203,9,6,2011-04-13,2011,9,9,1,0,0,6,0,0,1,0,0,0,1,0,0,0,0,0,0,0,0
204,4,12,2011-05-01,2011,4,4,1,0,0,6,0,0,1,0,0,0,0,0,0,0,0,1,0,0,0
205,1,12,2011-05-10,2011,1,12,0,0,0,6,0,1,0,0,0,0,0,0,0,0,1,0,0,0,0
206,11,9,2011-05-13,2011,9,9,1,0,0,6,0,0,1,0,0,0,1,0,0,0,0,0,0,0,0
207,12,1,2011-05-16,2011,1,1,1,0,0,6,0,0,1,0,1,0,0,0,0,0,0,0,0,0,0
208,3,6,2011-05-24,2011,6,6,1,0,0,6,0,0,1,1,0,0,0,0,0,0,0,0,0,0,0
209,3,12,2012-04-17,2012,12,3,0,0,0,6,0,1,0,0,0,0,0,0,0,0,0,0,0,1,0
210,5,9,2012-04-22,2012,5,9,0,0,0,6,0,1,0,0,0,0,1,0,0,0,0,0,0,0,0
211,4,2,2012-05-01,2012,4,2,0,0,0,6,0,1,0,0,0,1,0,0,0,0,0,0,0,0,0
212,2,8,2012-05-07,2012,2,8,0,0,0,6,0,1,0,0,0,0,0,0,1,0,0,0,0,0,0
213,9,6,2012-05-17,2012,9,9,1,0,0,6,0,0,1,0,0,0,1,0,0,0,0,0,0,0,0
214,9,2,2012-05-19,2012,2,2,1,0,0,6,0,0,1,0,0,1,0,0,0,0,0,0,0,0,0
215,8,2,2013-04-03,2013,8,8,1,0,0,6,0,0,1,0,0,0,0,0,1,0,0,0,0,0,0
216,4,9,2013-04-14,2013,4,4,1,0,0,6,0,0,1,0,0,0,0,0,0,0,0,1,0,0,0
217,8,9,2013-04-26,2013,9,8,0,0,0,6,0,1,0,0,0,0,0,0,1,0,0,0,0,0,0
218,7,2,2013-05-04,2013,2,7,0,0,0,6,0,1,0,0,0,0,0,0,0,0,0,0,0,0,1
219,9,3,2013-05-06,2013,9,9,1,0,0,6,0,0,1,0,0,0,1,0,0,0,0,0,0,0,0
220,6,9,2014-04-18,2014,6,9,0,0,0,6,0,1,0,0,0,0,1,0,0,0,0,0,0,0,0
221,4,3,2014-04-26,2014,4,4,1,0,0,6,0,0,1,0,0,0,0,0,0,0,0,1,0,0,0
222,2,5,2014-04-27,2014,5,2,0,0,0,6,0,1,0,0,0,1,0,0,0,0,0,0,0,0,0
223,7,9,2014-05-14,2014,9,9,1,0,0,6,0,0,1,0,0,0,1,0,0,0,0,0,0,0,0
224,8,5,2014-05-14,2014,8,8,1,0,0,6,0,0,1,0,0,0,0,0,1,0,0,0,0,0,0
225,6,7,2014-05-22,2014,7,7,1,0,0,6,0,0,1,0,0,0,0,0,0,0,0,0,0,0,1
226,7,4,2015-04-16,2015,4,4,1,0,0,6,0,0,1,0,0,0,0,0,0,0,0,1,0,0,0
227,5,6,2015-04-17,2015,5,6,0,0,0,6,0,1,0,1,0,0,0,0,0,0,0,0,0,0,0
228,2,8,2015-04-20,2015,8,8,1,0,0,6,0,0,1,0,0,0,0,0,1,0,0,0,0,0,0
229,6,5,2015-05-08,2015,6,5,0,0,0,6,0,1,0,0,0,0,0,0,0,1,0,0,0,0,0
230,2,6,2015-05-12,2015,6,2,0,0,0,6,0,1,0,0,0,1,0,0,0,0,0,0,0,0,0
231,7,3,2015-05-15,2015,7,3,0,0,0,6,0,1,0,0,0,0,0,0,0,0,0,0,0,1,0
232,8,5,2016-04-13,2016,5,5,1,0,0,6,0,0,1,0,0,0,0,0,0,1,0,0,0,0,0
233,9,10,2016-04-17,2016,10,9,0,0,0,6,0,1,0,0,0,0,1,0,0,0,0,0,0,0,0
234,9,8,2016-04-19,2016,8,8,1,0,0,6,0,0,1,0,0,0,0,0,1,0,0,0,0,0,0
235,5,3,2016-04-20,2016,5,5,1,0,0,6,0,0,1,0,0,0,0,0,0,1,0,0,0,0,0
236,13,3,2016-04-24,2016,3,13,0,0,0,6,0,1,0,0,0,0,0,0,0,0,0,0,0,0,0
237,5,8,2016-04-28,2016,5,5,1,0,0,6,0,0,1,0,0,0,0,0,0,1,0,0,0,0,0
238,3,5,2016-05-11,2016,5,5,1,0,0,6,0,0,1,0,0,0,0,0,0,1,0,0,0,0,0
239,13,8,2016-05-19,2016,13,13,1,0,0,6,0,0,1,0,0,0,0,0,0,0,0,0,0,0,0
240,2,7,2016-05-20,2016,2,2,1,0,0,6,0,0,1,0,0,1,0,0,0,0,0,0,0,0,0
241,13,5,2016-05-21,2016,13,13,1,0,0,6,0,0,1,0,0,0,0,0,0,0,0,0,0,0,0
242,2,3,2016-05-22,2016,3,3,1,0,0,6,0,0,1,0,0,0,0,0,0,0,0,0,0,1,0
243,9,10,2017-04-08,2017,9,9,1,0,0,6,0,0,1,0,0,0,1,0,0,0,0,0,0,0,0
244,5,13,2017-04-16,2017,5,5,1,0,0,6,0,0,1,0,0,0,0,0,0,1,0,0,0,0,0
245,10,7,2017-04-22,2017,10,10,1,0,0,6,0,0,1,0,0,0,0,0,0,0,0,0,1,0,0
246,2,7,2017-05-02,2017,2,2,1,0,0,6,0,0,1,0,0,1,0,0,0,0,0,0,0,0,0
247,3,8,2017-05-07,2017,8,8,1,0,0,6,0,0,1,0,0,0,0,0,1,0,0,0,0,0,0
248,9,13,2017-05-07,2017,13,13,1,0,0,6,0,0,1,0,0,0,0,0,0,0,0,0,0,0,0
249,5,8,2017-05-19,2017,5,5,1,0,0,6,0,0,1,0,0,0,0,0,0,1,0,0,0,0,0
250,9,2,2018-04-08,2018,9,9,1,0,0,6,0,0,1,0,0,0,1,0,0,0,0,0,0,0,0
251,3,2,2018-04-21,2018,3,3,1,0,0,6,0,0,1,0,0,0,0,0,0,0,0,0,0,1,0
252,3,8,2018-04-29,2018,8,8,1,0,0,6,0,0,1,0,0,0,0,0,1,0,0,0,0,0,0
253,8,6,2018-05-03,2018,8,8,1,0,0,6,0,0,1,0,0,0,0,0,1,0,0,0,0,0,0
254,9,5,2018-05-04,2018,5,5,1,0,0,6,0,0,1,0,0,0,0,0,0,1,0,0,0,0,0
255,6,3,2018-05-05,2018,6,6,1,0,0,6,0,0,1,1,0,0,0,0,0,0,0,0,0,0,0
256,9,4,2018-05-06,2018,9,9,1,0,0,6,0,0,1,0,0,0,1,0,0,0,0,0,0,0,0
257,8,4,2018-05-15,2018,8,8,1,0,0,6,0,0,1,0,0,0,0,0,1,0,0,0,0,0,0
258,8,7,2019-03-24,2019,8,8,1,0,0,6,0,0,1,0,0,0,0,0,1,0,0,0,0,0,0
259,2,6,2019-03-26,2019,2,6,0,0,0,6,0,1,0,1,0,0,0,0,0,0,0,0,0,0,0
260,9,7,2019-04-08,2019,9,9,1,0,0,6,0,0,1,0,0,0,1,0,0,0,0,0,0,0,0
261,7,6,2019-04-17,2019,6,7,0,0,0,6,0,1,0,0,0,0,0,0,0,0,0,0,0,0,1
262,4,2,2019-04-22,2019,2,2,1,0,0,6,0,0,1,0,0,1,0,0,0,0,0,0,0,0,0
263,6,7,2019-04-23,2019,6,6,1,0,0,6,0,0,1,1,0,0,0,0,0,0,0,0,0,0,0
264,9,6,2019-05-05,2019,9,9,1,0,0,6,0,0,1,0,0,0,1,0,0,0,0,0,0,0,0
265,5,6,2019-05-07,2019,6,5,0,0,0,6,0,1,0,0,0,0,0,0,0,1,0,0,0,0,0
266,6,2,2019-05-10,2019,6,6,1,0,0,6,0,0,1,1,0,0,0,0,0,0,0,0,0,0,0
267,8,1,2008-04-20,2008,1,8,0,0,0,5,6,1,0,0,0,0,0,0,1,0,0,0,0,0,0
268,5,3,2008-04-20,2008,5,3,0,0,0,5,2,1,0,0,0,0,0,0,0,0,0,0,0,1,0
269,3,2,2008-05-19,2008,2,2,1,0,0,5,10,0,1,0,0,1,0,0,0,0,0,0,0,0,0
270,2,5,2008-05-24,2008,2,2,1,0,0,5,1,0,1,0,0,1,0,0,0,0,0,0,0,0,0
271,1,3,2008-05-25,2008,1,3,0,0,0,5,6,1,0,0,0,0,0,0,0,0,0,0,0,1,0
272,4,5,2008-05-26,2008,4,4,1,0,0,5,0,0,1,0,0,0,0,0,0,0,0,1,0,0,0
273,2,4,2009-04-28,2009,2,4,0,0,0,5,9,1,0,0,0,0,0,0,0,0,0,1,0,0,0
274,3,8,2009-04-29,2009,8,3,0,0,0,5,1,1,0,0,0,0,0,0,0,0,0,0,0,1,0
275,9,2,2010-03-13,2010,2,2,1,0,0,5,1,0,1,0,0,1,0,0,0,0,0,0,0,0,0
276,2,6,2010-03-19,2010,2,6,0,0,0,5,5,1,0,1,0,0,0,0,0,0,0,0,0,0,0
277,5,6,2010-03-25,2010,5,5,1,0,0,5,6,0,1,0,0,0,0,0,0,1,0,0,0,0,0
278,6,3,2010-03-31,2010,3,6,0,0,0,5,7,1,0,1,0,0,0,0,0,0,0,0,0,0,0
279,4,3,2010-04-14,2010,4,3,0,0,0,5,26,1,0,0,0,0,0,0,0,0,0,0,0,1,0
280,9,1,2010-04-16,2010,1,1,1,0,0,5,5,0,1,0,1,0,0,0,0,0,0,0,0,0,0
281,9,12,2011-05-08,2011,9,12,0,0,0,5,0,1,0,0,0,0,0,0,0,0,1,0,0,0,0
282,8,5,2011-05-22,2011,5,5,1,0,0,5,0,0,1,0,0,0,0,0,0,1,0,0,0,0,0
283,1,5,2012-04-09,2012,1,5,0,0,0,5,0,1,0,0,0,0,0,0,0,1,0,0,0,0,0
284,6,3,2012-04-12,2012,3,6,0,0,0,5,0,1,0,1,0,0,0,0,0,0,0,0,0,0,0
285,8,4,2012-04-13,2012,4,8,0,0,0,5,0,1,0,0,0,0,0,0,1,0,0,0,0,0,0
286,4,1,2012-04-17,2012,1,4,0,0,0,5,0,1,0,0,0,0,0,0,0,0,0,1,0,0,0
287,2,1,2012-04-19,2012,1,2,0,0,0,5,0,1,0,0,0,1,0,0,0,0,0,0,0,0,0
288,9,3,2012-04-20,2012,3,3,1,0,0,5,0,0,1,0,0,0,0,0,0,0,0,0,0,1,0
289,1,8,2012-04-22,2012,8,8,1,0,0,5,0,0,1,0,0,0,0,0,1,0,0,0,0,0,0
290,5,1,2012-04-29,2012,5,5,1,0,0,5,0,0,1,0,0,0,0,0,0,1,0,0,0,0,0
291,6,8,2012-04-30,2012,6,8,0,0,0,5,0,1,0,0,0,0,0,0,1,0,0,0,0,0,0
292,3,1,2012-05-06,2012,3,3,1,0,0,5,0,0,1,0,0,0,0,0,0,0,0,0,0,1,0
293,3,5,2012-05-14,2012,5,5,1,0,0,5,0,0,1,0,0,0,0,0,0,1,0,0,0,0,0
294,8,6,2012-05-14,2012,6,6,1,0,0,5,0,0,1,1,0,0,0,0,0,0,0,0,0,0,0
295,2,9,2012-05-15,2012,9,2,0,0,0,5,0,1,0,0,0,1,0,0,0,0,0,0,0,0,0
296,1,4,2012-05-18,2012,4,1,0,0,0,5,0,1,0,0,1,0,0,0,0,0,0,0,0,0,0
297,6,8,2012-05-27,2012,6,8,0,0,0,5,0,1,0,0,0,0,0,0,1,0,0,0,0,0,0
298,7,9,2013-04-19,2013,9,7,0,0,0,5,0,1,0,0,0,0,0,0,0,0,0,0,0,0,1
299,6,4,2013-04-22,2013,4,6,0,0,0,5,0,1,0,1,0,0,0,0,0,0,0,0,0,0,0
300,2,9,2013-04-23,2013,9,9,1,0,0,5,0,0,1,0,0,0,1,0,0,0,0,0,0,0,0
301,8,5,2013-04-24,2013,8,5,0,0,0,5,0,1,0,0,0,0,0,0,0,1,0,0,0,0,0
302,6,7,2013-04-25,2013,7,6,0,0,0,5,0,1,0,1,0,0,0,0,0,0,0,0,0,0,0
303,4,12,2013-05-05,2013,12,4,0,0,0,5,0,1,0,0,0,0,0,0,0,0,0,1,0,0,0
304,12,5,2013-05-11,2013,12,5,0,0,0,5,0,1,0,0,0,0,0,0,0,1,0,0,0,0,0
305,8,3,2013-05-12,2013,8,8,1,0,0,5,0,0,1,0,0,0,0,0,1,0,0,0,0,0,0
306,4,6,2013-05-12,2013,4,4,1,0,0,5,0,0,1,0,0,0,0,0,0,0,0,1,0,0,0
307,7,8,2013-05-19,2013,8,7,0,0,0,5,0,1,0,0,0,0,0,0,0,0,0,0,0,0,1
308,7,6,2014-04-27,2014,7,6,0,0,0,5,0,1,0,1,0,0,0,0,0,0,0,0,0,0,0
309,9,3,2014-04-28,2014,9,9,1,0,0,5,0,0,1,0,0,0,1,0,0,0,0,0,0,0,0
310,5,9,2014-05-03,2014,9,5,0,0,0,5,0,1,0,0,0,0,0,0,0,1,0,0,0,0,0
311,3,4,2014-05-11,2014,3,4,0,0,0,5,0,1,0,0,0,0,0,0,0,0,0,1,0,0,0
312,6,4,2014-05-13,2014,4,6,0,0,0,5,0,1,0,1,0,0,0,0,0,0,0,0,0,0,0
313,6,3,2014-05-18,2014,6,3,0,0,0,5,0,1,0,0,0,0,0,0,0,0,0,0,0,1,0
314,5,4,2014-05-25,2014,5,5,1,0,0,5,0,0,1,0,0,0,0,0,0,1,0,0,0,0,0
315,9,2,2015-04-15,2015,9,2,0,0,0,5,0,1,0,0,0,1,0,0,0,0,0,0,0,0,0
316,5,2,2015-05-05,2015,2,5,0,0,0,5,0,1,0,0,0,0,0,0,0,1,0,0,0,0,0
317,9,13,2016-04-11,2016,13,13,1,0,0,5,0,0,1,0,0,0,0,0,0,0,0,0,0,0,0
318,7,9,2016-04-23,2016,7,7,1,0,0,5,0,0,1,0,0,0,0,0,0,0,0,0,0,0,1
319,3,8,2016-05-02,2016,8,8,1,0,0,5,0,0,1,0,0,0,0,0,1,0,0,0,0,0,0
320,7,13,2016-05-06,2016,7,7,1,0,0,5,0,0,1,0,0,0,0,0,0,0,0,0,0,0,1
321,8,13,2016-05-08,2016,13,13,1,0,0,5,0,0,1,0,0,0,0,0,0,0,0,0,0,0,0
322,5,3,2017-05-01,2017,3,5,0,0,0,5,0,1,0,0,0,0,0,0,0,1,0,0,0,0,0
323,10,13,2017-05-01,2017,10,10,1,0,0,5,0,0,1,0,0,0,0,0,0,0,0,0,1,0,0
324,6,8,2018-04-10,2018,6,6,1,0,0,5,0,0,1,1,0,0,0,0,0,0,0,0,0,0,0
325,8,7,2018-04-14,2018,7,7,1,0,0,5,0,0,1,0,0,0,0,0,0,0,0,0,0,0,1
326,3,6,2018-04-25,2018,6,6,1,0,0,5,0,0,1,1,0,0,0,0,0,0,0,0,0,0,0
327,2,3,2018-05-12,2018,3,3,1,0,0,5,0,0,1,0,0,0,0,0,0,0,0,0,0,1,0
328,7,8,2018-05-19,2018,7,8,0,0,0,5,0,1,0,0,0,0,0,0,1,0,0,0,0,0,0
329,6,9,2018-05-20,2018,6,6,1,0,0,5,0,0,1,1,0,0,0,0,0,0,0,0,0,0,0
330,7,4,2019-03-29,2019,4,7,0,0,0,5,0,1,0,0,0,0,0,0,0,0,0,0,0,0,1
331,2,7,2019-04-04,2019,7,7,1,0,0,5,0,0,1,0,0,0,0,0,0,0,0,0,0,0,1
332,3,8,2019-04-05,2019,8,8,1,0,0,5,0,0,1,0,0,0,0,0,1,0,0,0,0,0,0
333,8,6,2019-04-14,2019,6,6,1,0,0,5,0,0,1,1,0,0,0,0,0,0,0,0,0,0,0
334,5,3,2019-04-15,2019,5,5,1,0,0,5,0,0,1,0,0,0,0,0,0,1,0,0,0,0,0
335,4,5,2019-04-20,2019,4,4,1,0,0,5,0,0,1,0,0,0,0,0,0,0,0,1,0,0,0
336,2,9,2019-04-20,2019,2,2,1,0,0,5,0,0,1,0,0,1,0,0,0,0,0,0,0,0,0
337,2,4,2019-05-04,2019,4,2,0,0,0,5,0,1,0,0,0,1,0,0,0,0,0,0,0,0,0
338,9,2,2008-04-27,2008,2,9,0,0,0,4,3,1,0,0,0,0,1,0,0,0,0,0,0,0,0
339,2,6,2008-05-08,2008,6,6,1,0,0,4,0,0,1,1,0,0,0,0,0,0,0,0,0,0,0
340,8,4,2009-05-20,2009,8,8,1,0,0,4,3,0,1,0,0,0,0,0,1,0,0,0,0,0,0
341,2,5,2009-05-21,2009,2,2,1,0,0,4,15,0,1,0,0,1,0,0,0,0,0,0,0,0,0
342,5,9,2010-03-30,2010,5,5,1,0,0,4,3,0,1,0,0,0,0,0,0,1,0,0,0,0,0
343,12,11,2011-04-13,2011,11,12,0,0,0,4,0,1,0,0,0,0,0,0,0,0,1,0,0,0,0
344,1,2,2011-05-05,2011,2,2,1,0,0,4,0,0,1,0,0,1,0,0,0,0,0,0,0,0,0
345,3,8,2011-05-14,2011,3,3,1,0,0,4,0,0,1,0,0,0,0,0,0,0,0,0,0,1,0
346,5,8,2011-05-25,2011,5,5,1,0,0,4,0,0,1,0,0,0,0,0,0,1,0,0,0,0,0
347,9,5,2012-04-25,2012,9,5,0,0,0,4,0,1,0,0,0,0,0,0,0,1,0,0,0,0,0
348,3,9,2012-05-02,2012,9,9,1,0,0,4,0,0,1,0,0,0,1,0,0,0,0,0,0,0,0
349,4,6,2012-05-10,2012,6,6,1,0,0,4,0,0,1,1,0,0,0,0,0,0,0,0,0,0,0
350,9,1,2012-05-13,2012,1,9,0,0,0,4,0,1,0,0,0,0,1,0,0,0,0,0,0,0,0
351,6,3,2013-04-13,2013,6,6,1,0,0,4,0,0,1,1,0,0,0,0,0,0,0,0,0,0,0
352,8,6,2013-04-20,2013,8,6,0,0,0,4,0,1,0,1,0,0,0,0,0,0,0,0,0,0,0
353,4,3,2013-04-29,2013,4,4,1,0,0,4,0,0,1,0,0,0,0,0,0,0,0,1,0,0,0
354,4,7,2013-05-22,2013,7,4,0,0,0,4,0,1,0,0,0,0,0,0,0,0,0,1,0,0,0
355,5,4,2013-05-24,2013,4,5,0,0,0,4,0,1,0,0,0,0,0,0,0,1,0,0,0,0,0
356,7,4,2014-04-18,2014,4,4,1,0,0,4,0,0,1,0,0,0,0,0,0,0,0,1,0,0,0
357,8,2,2014-04-19,2014,8,2,0,0,0,4,0,1,0,0,0,1,0,0,0,0,0,0,0,0,0
358,3,7,2014-05-04,2014,3,3,1,0,0,4,0,0,1,0,0,0,0,0,0,0,0,0,0,1,0
359,5,6,2014-05-10,2014,6,6,1,0,0,4,0,0,1,1,0,0,0,0,0,0,0,0,0,0,0
360,2,9,2014-05-19,2014,9,9,1,0,0,4,0,0,1,0,0,0,1,0,0,0,0,0,0,0,0
361,8,7,2014-05-24,2014,8,8,1,0,0,4,0,0,1,0,0,0,0,0,1,0,0,0,0,0,0
362,9,8,2015-04-18,2015,8,8,1,0,0,4,0,0,1,0,0,0,0,0,1,0,0,0,0,0,0
363,10,9,2016-05-21,2016,9,10,0,0,0,4,0,1,0,0,0,0,0,0,0,0,0,0,1,0,0
364,13,3,2016-05-24,2016,3,3,1,0,0,4,0,0,1,0,0,0,0,0,0,0,0,0,0,1,0
365,13,7,2016-05-27,2016,7,7,1,0,0,4,0,0,1,0,0,0,0,0,0,0,0,0,0,0,1
366,5,8,2017-04-09,2017,5,5,1,0,0,4,0,0,1,0,0,0,0,0,0,1,0,0,0,0,0
367,5,7,2017-04-12,2017,5,5,1,0,0,4,0,0,1,0,0,0,0,0,0,1,0,0,0,0,0
368,3,5,2017-04-14,2017,5,5,1,0,0,4,0,0,1,0,0,0,0,0,0,1,0,0,0,0,0
369,2,8,2017-04-17,2017,2,8,0,0,0,4,0,1,0,0,0,0,0,0,1,0,0,0,0,0,0
370,8,13,2017-04-21,2017,13,13,1,0,0,4,0,0,1,0,0,0,0,0,0,0,0,0,0,0,0
371,8,10,2017-05-03,2017,10,10,1,0,0,4,0,0,1,0,0,0,0,0,0,0,0,0,1,0,0
372,8,3,2018-04-08,2018,8,8,1,0,0,4,0,0,1,0,0,0,0,0,1,0,0,0,0,0,0
373,3,9,2018-04-13,2018,3,3,1,0,0,4,0,0,1,0,0,0,0,0,0,0,0,0,0,1,0
374,4,6,2018-05-11,2018,6,4,0,0,0,4,0,1,0,0,0,0,0,0,0,0,0,1,0,0,0
375,3,2,2019-04-07,2019,2,2,1,0,0,4,0,0,1,0,0,1,0,0,0,0,0,0,0,0,0
376,4,6,2019-04-11,2019,6,6,1,0,0,4,0,0,1,1,0,0,0,0,0,0,0,0,0,0,0
377,5,4,2019-04-13,2019,4,4,1,0,0,4,0,0,1,0,0,0,0,0,0,0,0,1,0,0,0
378,3,7,2019-05-04,2019,3,3,1,0,0,4,0,0,1,0,0,0,0,0,0,0,0,0,0,1,0
379,1,4,2008-04-24,2008,4,4,1,0,0,3,1,0,1,0,0,0,0,0,0,0,0,1,0,0,0
380,4,2,2008-05-11,2008,4,4,1,0,0,3,5,0,1,0,0,0,0,0,0,0,0,1,0,0,0
381,8,9,2008-05-25,2008,9,8,0,0,0,3,2,1,0,0,0,0,0,0,1,0,0,0,0,0,0
382,6,4,2008-06-01,2008,4,4,1,0,0,3,0,0,1,0,0,0,0,0,0,0,0,1,0,0,0
383,1,4,2009-05-02,2009,1,4,0,0,0,3,2,1,0,0,0,0,0,0,0,0,0,1,0,0,0
384,1,9,2009-05-09,2009,9,9,1,0,0,3,1,0,1,0,0,0,1,0,0,0,0,0,0,0,0
385,12,2,2011-04-17,2011,2,2,1,0,0,3,0,0,1,0,0,1,0,0,0,0,0,0,0,0,0
386,2,3,2011-04-26,2011,3,3,1,0,0,3,0,0,1,0,0,0,0,0,0,0,0,0,0,1,0
387,2,7,2013-04-12,2013,2,7,0,0,0,3,0,1,0,0,0,0,0,0,0,0,0,0,0,0,1
388,8,9,2014-06-01,2014,8,8,1,0,0,3,0,0,1,0,0,0,0,0,1,0,0,0,0,0,0
389,8,3,2015-04-11,2015,3,3,1,0,0,3,0,0,1,0,0,0,0,0,0,0,0,0,0,1,0
390,2,4,2015-04-12,2015,4,4,1,0,0,3,0,0,1,0,0,0,0,0,0,0,0,1,0,0,0
391,6,3,2015-05-22,2015,6,6,1,0,0,3,0,0,1,1,0,0,0,0,0,0,0,0,0,0,0
392,5,13,2016-04-16,2016,13,13,1,0,0,3,0,0,1,0,0,0,0,0,0,0,0,0,0,0,0
393,10,13,2016-04-29,2016,13,13,1,0,0,3,0,0,1,0,0,0,0,0,0,0,0,0,0,0,0
394,4,5,2018-04-22,2018,5,4,0,0,0,3,0,1,0,0,0,0,0,0,0,0,0,1,0,0,0
395,5,9,2019-04-10,2019,5,5,1,0,0,3,0,0,1,0,0,0,0,0,0,1,0,0,0,0,0
396,8,4,2019-04-25,2019,4,4,1,0,0,3,0,0,1,0,0,0,0,0,0,0,0,1,0,0,0
397,3,6,2009-05-14,2009,6,3,0,0,0,2,2,1,0,0,0,0,0,0,0,0,0,0,0,1,0
398,5,6,2012-05-06,2012,5,5,1,0,0,2,0,0,1,0,0,0,0,0,0,1,0,0,0,0,0
399,10,8,2016-04-24,2016,8,8,1,0,0,2,0,0,1,0,0,0,0,0,1,0,0,0,0,0,0
400,13,2,2017-05-10,2017,2,2,1,0,0,2,0,0,1,0,0,1,0,0,0,0,0,0,0,0,0
401,7,6,2018-05-22,2018,6,6,1,0,0,2,0,0,1,1,0,0,0,0,0,0,0,0,0,0,0
402,2,7,2019-05-08,2019,2,2,1,0,0,2,0,0,1,0,0,1,0,0,0,0,0,0,0,0,0
403,8,9,2015-05-09,2015,9,8,0,0,0,1,0,1,0,0,0,0,0,0,1,0,0,0,0,0,0
404,5,6,2018-04-07,2018,6,6,1,0,0,1,0,0,1,1,0,0,0,0,0,0,0,0,0,0,0
405,7,5,2018-04-12,2018,7,7,1,0,0,1,0,0,1,0,0,0,0,0,0,0,0,0,0,0,1
406,3,8,2008-04-18,2008,3,8,0,0,140,0,0,0,1,0,0,0,0,0,1,0,0,0,0,0,0
407,9,6,2008-04-19,2008,6,6,1,0,33,0,0,1,0,1,0,0,0,0,0,0,0,0,0,0,0
408,6,5,2008-04-23,2008,5,6,0,0,6,0,0,0,1,1,0,0,0,0,0,0,0,0,0,0,0
409,9,5,2008-04-25,2008,5,9,0,0,66,0,0,0,1,0,0,0,1,0,0,0,0,0,0,0,0
410,3,6,2008-04-28,2008,6,6,1,0,13,0,0,1,0,1,0,0,0,0,0,0,0,0,0,0,0
411,2,3,2008-04-30,2008,3,2,0,0,10,0,0,0,1,0,0,1,0,0,0,0,0,0,0,0,0
412,4,8,2008-05-01,2008,4,4,1,0,45,0,0,1,0,0,0,0,0,0,0,0,0,1,0,0,0
413,3,1,2008-05-03,2008,1,3,0,0,3,0,0,0,1,0,0,0,0,0,0,0,0,0,0,1,0
414,9,8,2008-05-03,2008,9,9,1,0,9,0,0,1,0,0,0,0,1,0,0,0,0,0,0,0,0
415,5,2,2008-05-04,2008,2,5,0,0,29,0,0,0,1,0,0,0,0,0,0,1,0,0,0,0,0
416,8,3,2008-05-08,2008,8,8,1,0,5,0,0,1,0,0,0,0,0,0,1,0,0,0,0,0,0
417,6,9,2008-05-10,2008,9,6,0,0,18,0,0,0,1,1,0,0,0,0,0,0,0,0,0,0,0
418,1,8,2008-05-11,2008,8,8,1,0,23,0,0,1,0,0,0,0,0,0,1,0,0,0,0,0,0
419,8,2,2008-05-13,2008,8,8,1,0,23,0,0,1,0,0,0,0,0,0,1,0,0,0,0,0,0
420,2,1,2008-05-15,2008,1,2,0,0,12,0,0,0,1,0,0,1,0,0,0,0,0,0,0,0,0
421,4,3,2008-05-17,2008,3,4,0,0,65,0,0,0,1,0,0,0,0,0,0,0,0,1,0,0,0
422,2,9,2008-05-17,2008,2,9,0,0,6,0,0,1,0,0,0,0,1,0,0,0,0,0,0,0,0
423,8,6,2008-05-18,2008,8,6,0,0,3,0,0,1,0,1,0,0,0,0,0,0,0,0,0,0,0
424,1,5,2008-05-18,2008,1,5,0,0,25,0,0,0,1,0,0,0,0,0,0,1,0,0,0,0,0
425,5,9,2008-05-21,2008,5,9,0,0,0,0,0,0,1,0,0,0,1,0,0,0,0,0,0,0,0
426,6,3,2008-05-21,2008,3,3,1,0,14,0,0,1,0,0,0,0,0,0,0,0,0,0,0,1,0
427,6,4,2008-05-24,2008,4,4,1,0,10,0,0,1,0,0,0,0,0,0,0,0,0,1,0,0,0
428,9,4,2008-05-28,2008,4,9,0,0,41,0,0,0,1,0,0,0,1,0,0,0,0,0,0,0,0
429,2,4,2008-05-30,2008,2,4,0,0,105,0,0,0,1,0,0,0,0,0,0,0,0,1,0,0,0
430,6,5,2009-04-18,2009,6,5,0,0,19,0,0,0,1,0,0,0,0,0,0,1,0,0,0,0,0
431,3,4,2009-04-18,2009,3,3,1,0,75,0,0,1,0,0,0,0,0,0,0,0,0,0,0,1,0
432,3,6,2009-04-20,2009,6,6,1,0,92,0,0,1,0,1,0,0,0,0,0,0,0,0,0,0,0
433,9,8,2009-04-21,2009,8,8,1,0,11,0,0,0,1,0,0,0,0,0,1,0,0,0,0,0,0
434,3,1,2009-04-22,2009,1,1,1,0,24,0,0,1,0,0,1,0,0,0,0,0,0,0,0,0,0
435,6,2,2009-04-23,2009,2,2,1,0,9,0,0,1,0,0,0,1,0,0,0,0,0,0,0,0,0
436,8,4,2009-04-23,2009,8,4,0,1,0,0,0,0,1,0,0,0,0,0,0,0,0,1,0,0,0
437,1,5,2009-04-25,2009,1,1,1,0,12,0,0,1,0,0,1,0,0,0,0,0,0,0,0,0,0
438,9,4,2009-04-26,2009,9,9,1,0,27,0,0,1,0,0,0,0,1,0,0,0,0,0,0,0,0
439,8,5,2009-04-27,2009,5,5,1,0,92,0,0,1,0,0,0,0,0,0,0,1,0,0,0,0,0
440,9,5,2009-04-29,2009,9,9,1,0,3,0,0,1,0,0,0,0,1,0,0,0,0,0,0,0,0
441,6,4,2009-04-30,2009,4,6,0,0,38,0,0,0,1,1,0,0,0,0,0,0,0,0,0,0,0
442,8,5,2009-05-01,2009,5,5,1,0,9,0,0,1,0,0,0,0,0,0,0,1,0,0,0,0,0
443,3,9,2009-05-01,2009,3,3,1,0,8,0,0,1,0,0,0,0,0,0,0,0,0,0,0,1,0
444,6,2,2009-05-02,2009,2,6,0,0,18,0,0,0,1,1,0,0,0,0,0,0,0,0,0,0,0
445,6,1,2009-05-04,2009,6,6,1,0,78,0,0,1,0,1,0,0,0,0,0,0,0,0,0,0,0
446,9,4,2009-05-05,2009,9,4,0,0,78,0,0,0,1,0,0,0,0,0,0,0,0,1,0,0,0
447,1,5,2009-05-06,2009,1,1,1,0,19,0,0,1,0,0,1,0,0,0,0,0,0,0,0,0,0
448,6,9,2009-05-07,2009,6,6,1,0,12,0,0,1,0,1,0,0,0,0,0,0,0,0,0,0,0
449,3,5,2009-05-10,2009,5,5,1,0,16,0,0,1,0,0,0,0,0,0,0,1,0,0,0,0,0
450,1,4,2009-05-11,2009,1,1,1,0,53,0,0,1,0,0,1,0,0,0,0,0,0,0,0,0,0
451,1,2,2009-05-13,2009,1,2,0,0,12,0,0,0,1,0,0,1,0,0,0,0,0,0,0,0,0
452,5,4,2009-05-14,2009,4,4,1,0,2,0,0,1,0,0,0,0,0,0,0,0,0,1,0,0,0
453,1,9,2009-05-17,2009,1,9,0,0,0,0,0,0,1,0,0,0,1,0,0,0,0,0,0,0,0
454,2,4,2009-05-17,2009,2,2,1,0,14,0,0,1,0,0,0,1,0,0,0,0,0,0,0,0,0
455,6,9,2009-05-20,2009,6,6,1,0,24,0,0,1,0,1,0,0,0,0,0,0,0,0,0,0,0
456,3,1,2009-05-21,2009,3,3,1,0,12,0,0,1,0,0,0,0,0,0,0,0,0,0,0,1,0
457,3,1,2009-05-24,2009,3,1,0,0,6,0,0,0,1,0,1,0,0,0,0,0,0,0,0,0,0
458,1,8,2010-03-12,2010,1,8,0,0,11,0,0,0,1,0,0,0,0,0,1,0,0,0,0,0,0
459,5,4,2010-03-13,2010,5,5,1,0,4,0,0,1,0,0,0,0,0,0,0,1,0,0,0,0,0
460,6,1,2010-03-14,2010,1,1,1,0,31,0,0,1,0,0,1,0,0,0,0,0,0,0,0,0,0
461,8,6,2010-03-16,2010,6,6,1,0,55,0,0,1,0,1,0,0,0,0,0,0,0,0,0,0,0
462,2,5,2010-03-17,2010,2,5,0,0,98,0,0,0,1,0,0,0,0,0,0,1,0,0,0,0,0
463,1,9,2010-03-19,2010,9,1,0,0,6,0,0,0,1,0,1,0,0,0,0,0,0,0,0,0,0
464,4,8,2010-03-20,2010,4,4,1,0,34,0,0,1,0,0,0,0,0,0,0,0,0,1,0,0,0
465,1,2,2010-03-21,2010,1,1,1,0,10,0,0,1,0,0,1,0,0,0,0,0,0,0,0,0,0
466,6,9,2010-03-21,2010,6,9,0,1,0,0,0,0,1,0,0,0,1,0,0,0,0,0,0,0,0
467,3,6,2010-03-23,2010,6,3,0,0,36,0,0,0,1,0,0,0,0,0,0,0,0,0,0,1,0
468,9,4,2010-03-24,2010,9,4,0,0,31,0,0,0,1,0,0,0,0,0,0,0,0,1,0,0,0
469,3,2,2010-03-25,2010,3,2,0,0,17,0,0,0,1,0,0,1,0,0,0,0,0,0,0,0,0
470,9,8,2010-03-27,2010,8,8,1,0,39,0,0,1,0,0,0,0,0,0,1,0,0,0,0,0,0
471,4,6,2010-03-28,2010,4,4,1,0,17,0,0,1,0,0,0,0,0,0,0,0,0,1,0,0,0
472,1,5,2010-03-28,2010,1,5,0,0,41,0,0,0,1,0,0,0,0,0,0,1,0,0,0,0,0
473,2,8,2010-03-29,2010,2,2,1,0,40,0,0,1,0,0,0,1,0,0,0,0,0,0,0,0,0
474,2,4,2010-03-31,2010,2,2,1,0,67,0,0,1,0,0,0,1,0,0,0,0,0,0,0,0,0
475,8,1,2010-04-01,2010,8,8,1,0,24,0,0,1,0,0,0,0,0,0,1,0,0,0,0,0,0
476,6,4,2010-04-03,2010,6,6,1,0,23,0,0,1,0,1,0,0,0,0,0,0,0,0,0,0,0
477,5,1,2010-04-03,2010,5,5,1,0,63,0,0,1,0,0,0,0,0,0,0,1,0,0,0,0,0
478,2,3,2010-04-04,2010,2,2,1,0,37,0,0,1,0,0,0,1,0,0,0,0,0,0,0,0,0
479,1,4,2010-04-05,2010,4,4,1,0,2,0,0,1,0,0,0,0,0,0,0,0,0,1,0,0,0
480,6,5,2010-04-06,2010,6,6,1,0,24,0,0,1,0,1,0,0,0,0,0,0,0,0,0,0,0
481,8,2,2010-04-07,2010,8,8,1,0,14,0,0,1,0,0,0,0,0,0,1,0,0,0,0,0,0
482,4,5,2010-04-11,2010,4,5,0,0,37,0,0,0,1,0,0,0,0,0,0,1,0,0,0,0,0
483,1,3,2010-04-12,2010,3,1,0,0,13,0,0,0,1,0,1,0,0,0,0,0,0,0,0,0,0
484,5,2,2010-04-13,2010,5,5,1,0,39,0,0,1,0,0,0,0,0,0,0,1,0,0,0,0,0
485,3,5,2010-04-17,2010,3,5,0,0,57,0,0,0,1,0,0,0,0,0,0,1,0,0,0,0,0
486,2,1,2010-04-18,2010,1,1,1,0,11,0,0,1,0,0,1,0,0,0,0,0,0,0,0,0,0
487,3,5,2010-04-21,2010,5,5,1,0,35,0,0,1,0,0,0,0,0,0,0,1,0,0,0,0,0
488,6,1,2010-04-22,2010,6,6,1,0,38,0,0,1,0,1,0,0,0,0,0,0,0,0,0,0,0
489,6,5,2010-04-25,2010,6,6,1,0,22,0,0,1,0,1,0,0,0,0,0,0,0,0,0,0,0
490,6,8,2011-04-08,2011,6,6,1,0,2,0,0,1,0,1,0,0,0,0,0,0,0,0,0,0,0
491,8,1,2011-04-11,2011,8,8,1,0,9,0,0,1,0,0,0,0,0,0,1,0,0,0,0,0,0
492,1,3,2011-04-14,2011,3,1,0,0,33,0,0,0,1,0,1,0,0,0,0,0,0,0,0,0,0
493,6,3,2011-04-16,2011,6,6,1,0,21,0,0,1,0,1,0,0,0,0,0,0,0,0,0,0,0
494,2,1,2011-04-19,2011,1,1,1,0,16,0,0,1,0,0,1,0,0,0,0,0,0,0,0,0,0
495,8,11,2011-04-20,2011,8,11,0,0,6,0,0,0,1,0,0,0,0,1,0,0,0,0,0,0,0
496,9,4,2011-04-21,2011,4,9,0,0,48,0,0,0,1,0,0,0,1,0,0,0,0,0,0,0,0
497,5,6,2011-04-22,2011,6,5,0,0,8,0,0,0,1,0,0,0,0,0,0,1,0,0,0,0,0
498,2,9,2011-04-23,2011,9,2,0,0,29,0,0,0,1,0,0,1,0,0,0,0,0,0,0,0,0
499,1,5,2011-04-24,2011,1,5,0,0,37,0,0,0,1,0,0,0,0,0,0,1,0,0,0,0,0
500,6,12,2011-04-25,2011,12,6,0,0,25,0,0,0,1,1,0,0,0,0,0,0,0,0,0,0,0
501,11,1,2011-04-27,2011,11,1,0,0,55,0,0,0,1,0,1,0,0,0,0,0,0,0,0,0,0
502,2,8,2011-04-28,2011,2,8,0,0,17,0,0,0,1,0,0,0,0,0,1,0,0,0,0,0,0
503,3,12,2011-04-29,2011,12,3,0,0,26,0,0,0,1,0,0,0,0,0,0,0,0,0,0,1,0
504,11,2,2011-04-30,2011,2,2,1,0,38,0,0,1,0,0,0,1,0,0,0,0,0,0,0,0,0
505,6,1,2011-05-01,2011,6,6,1,0,19,0,0,1,0,1,0,0,0,0,0,0,0,0,0,0,0
506,5,9,2011-05-02,2011,9,5,0,0,23,0,0,0,1,0,0,0,0,0,0,1,0,0,0,0,0
507,1,8,2011-05-03,2011,1,8,0,0,20,0,0,0,1,0,0,0,0,0,1,0,0,0,0,0,0
508,12,5,2011-05-04,2011,12,5,0,0,21,0,0,0,1,0,0,0,0,0,0,1,0,0,0,0,0
509,11,8,2011-05-05,2011,8,11,0,0,17,0,0,0,1,0,0,0,0,1,0,0,0,0,0,0,0
510,3,9,2011-05-06,2011,9,3,0,0,85,0,0,0,1,0,0,0,0,0,0,0,0,0,0,1,0
511,8,6,2011-05-07,2011,6,8,0,0,10,0,0,1,0,0,0,0,0,0,1,0,0,0,0,0,0
512,5,2,2011-05-07,2011,2,5,0,0,32,0,0,0,1,0,0,0,0,0,0,1,0,0,0,0,0
513,4,6,2011-05-09,2011,4,6,0,0,63,0,0,0,1,1,0,0,0,0,0,0,0,0,0,0,0
514,9,5,2011-05-10,2011,5,9,0,0,76,0,0,0,1,0,0,0,1,0,0,0,0,0,0,0,0
515,6,2,2011-05-12,2011,6,6,1,0,18,0,0,1,0,1,0,0,0,0,0,0,0,0,0,0,0
516,5,1,2011-05-14,2011,1,1,1,0,10,0,0,1,0,0,1,0,0,0,0,0,0,0,0,0,0
517,9,2,2011-05-15,2011,2,9,0,0,29,0,0,0,1,0,0,0,1,0,0,0,0,0,0,0,0
518,9,3,2011-05-17,2011,9,9,1,0,111,0,0,1,0,0,0,0,1,0,0,0,0,0,0,0,0
519,6,11,2011-05-18,2011,6,6,1,0,11,0,0,1,0,1,0,0,0,0,0,0,0,0,0,0,0
520,9,1,2011-05-21,2011,9,1,0,0,82,0,0,0,1,0,1,0,0,0,0,0,0,0,0,0,0
521,5,3,2011-05-27,2011,5,3,0,0,43,0,0,0,1,0,0,0,0,0,0,0,0,0,0,1,0
522,6,3,2011-05-28,2011,6,6,1,0,58,0,0,1,0,1,0,0,0,0,0,0,0,0,0,0,0
523,5,12,2012-04-06,2012,5,12,0,0,28,0,0,0,1,0,0,0,0,0,0,0,1,0,0,0,0
524,4,9,2012-04-06,2012,9,4,0,0,31,0,0,0,1,0,0,0,0,0,0,0,0,1,0,0,0
525,3,2,2012-04-07,2012,2,3,0,0,20,0,0,0,1,0,0,0,0,0,0,0,0,0,0,1,0
526,1,6,2012-04-07,2012,1,6,0,0,74,0,0,0,1,1,0,0,0,0,0,0,0,0,0,0,0
527,4,8,2012-04-08,2012,8,4,0,0,22,0,0,0,1,0,0,0,0,0,0,0,0,1,0,0,0
528,12,9,2012-04-08,2012,12,12,1,0,22,0,0,1,0,0,0,0,0,0,0,0,1,0,0,0,0
529,3,8,2012-04-10,2012,3,8,0,0,42,0,0,0,1,0,0,0,0,0,1,0,0,0,0,0,0
530,5,4,2012-04-11,2012,4,5,0,0,27,0,0,0,1,0,0,0,0,0,0,1,0,0,0,0,0
531,8,9,2012-04-15,2012,8,9,0,0,2,0,0,0,1,0,0,0,1,0,0,0,0,0,0,0,0
532,3,4,2012-04-15,2012,4,4,1,0,59,0,0,1,0,0,0,0,0,0,0,0,0,1,0,0,0
533,6,12,2012-04-19,2012,12,6,0,0,13,0,0,0,1,1,0,0,0,0,0,0,0,0,0,0,0
534,2,12,2012-04-21,2012,2,12,0,0,20,0,0,0,1,0,0,0,0,0,0,0,1,0,0,0,0
535,4,3,2012-04-23,2012,4,3,0,0,46,0,0,0,1,0,0,0,0,0,0,0,0,0,0,1,0
536,12,1,2012-04-26,2012,1,1,1,0,18,0,0,1,0,0,1,0,0,0,0,0,0,0,0,0,0
537,2,5,2012-04-27,2012,5,2,0,0,37,0,0,0,1,0,0,1,0,0,0,0,0,0,0,0,0
538,6,9,2012-04-28,2012,9,9,1,0,7,0,0,1,0,0,0,0,1,0,0,0,0,0,0,0,0
539,8,3,2012-04-28,2012,8,8,1,0,47,0,0,1,0,0,0,0,0,0,1,0,0,0,0,0,0
540,2,4,2012-04-29,2012,2,2,1,0,0,0,0,1,0,0,0,1,0,0,0,0,0,0,0,0,0
541,1,12,2012-05-01,2012,1,1,1,0,13,0,0,1,0,0,1,0,0,0,0,0,0,0,0,0,0
542,12,5,2012-05-03,2012,5,5,1,0,1,0,0,1,0,0,0,0,0,0,0,1,0,0,0,0,0
543,6,1,2012-05-04,2012,6,6,1,0,10,0,0,1,0,1,0,0,0,0,0,0,0,0,0,0,0
544,8,12,2012-05-05,2012,8,8,1,0,7,0,0,1,0,0,0,0,0,0,1,0,0,0,0,0,0
545,9,4,2012-05-05,2012,4,4,1,0,43,0,0,1,0,0,0,0,0,0,0,0,0,1,0,0,0
546,1,9,2012-05-08,2012,1,9,0,0,25,0,0,0,1,0,0,0,1,0,0,0,0,0,0,0,0
547,12,3,2012-05-11,2012,12,3,0,0,35,0,0,0,1,0,0,0,0,0,0,0,0,0,0,1,0
548,8,5,2012-05-12,2012,5,5,1,0,27,0,0,1,0,0,0,0,0,0,0,1,0,0,0,0,0
549,4,12,2012-05-13,2012,4,4,1,0,45,0,0,1,0,0,0,0,0,0,0,0,0,1,0,0,0
550,5,8,2012-05-16,2012,5,8,0,0,32,0,0,0,1,0,0,0,0,0,1,0,0,0,0,0,0
551,2,3,2012-05-17,2012,2,3,0,0,21,0,0,0,1,0,0,0,0,0,0,0,0,0,0,1,0
552,12,8,2012-05-19,2012,8,8,1,0,34,0,0,1,0,0,0,0,0,0,1,0,0,0,0,0,0
553,1,3,2012-05-20,2012,3,1,0,0,9,0,0,0,1,0,1,0,0,0,0,0,0,0,0,0,0
554,2,8,2012-05-22,2012,8,8,1,0,18,0,0,1,0,0,0,0,0,0,1,0,0,0,0,0,0
555,5,6,2012-05-23,2012,5,6,0,0,38,0,0,0,1,1,0,0,0,0,0,0,0,0,0,0,0
556,6,2,2012-05-25,2012,2,6,0,0,86,0,0,0,1,1,0,0,0,0,0,0,0,0,0,0,0
557,3,5,2013-04-04,2013,5,3,0,0,2,0,0,0,1,0,0,0,0,0,0,0,0,0,0,1,0
558,7,12,2013-04-05,2013,12,7,0,0,22,0,0,0,1,0,0,0,0,0,0,0,0,0,0,0,1
559,2,4,2013-04-06,2013,4,4,1,0,5,0,0,1,0,0,0,0,0,0,0,0,0,1,0,0,0
560,6,5,2013-04-06,2013,5,5,1,0,9,0,0,1,0,0,0,0,0,0,0,1,0,0,0,0,0
561,7,3,2013-04-07,2013,3,7,0,1,0,0,0,1,0,0,0,0,0,0,0,0,0,0,0,0,1
562,4,8,2013-04-08,2013,8,4,0,0,19,0,0,0,1,0,0,0,0,0,0,0,0,1,0,0,0
563,5,2,2013-04-09,2013,5,5,1,0,44,0,0,1,0,0,0,0,0,0,0,1,0,0,0,0,0
564,5,12,2013-04-13,2013,5,5,1,0,41,0,0,1,0,0,0,0,0,0,0,1,0,0,0,0,0
565,8,7,2013-04-14,2013,8,8,1,0,48,0,0,1,0,0,0,0,0,0,1,0,0,0,0,0,0
566,6,12,2013-04-15,2013,12,12,1,0,24,0,0,1,0,0,0,0,0,0,0,0,1,0,0,0,0
567,9,8,2013-04-16,2013,8,9,0,0,4,0,0,0,1,0,0,0,1,0,0,0,0,0,0,0,0
568,3,2,2013-04-16,2013,3,3,1,1,0,0,0,0,1,0,0,0,0,0,0,0,0,0,0,1,0
569,12,7,2013-04-17,2013,12,7,0,0,11,0,0,0,1,0,0,0,0,0,0,0,0,0,0,0,1
570,4,5,2013-04-17,2013,4,4,1,0,87,0,0,1,0,0,0,0,0,0,0,0,0,1,0,0,0
571,2,6,2013-04-18,2013,6,6,1,0,86,0,0,1,0,1,0,0,0,0,0,0,0,0,0,0,0
572,3,12,2013-04-23,2013,12,3,0,0,130,0,0,0,1,0,0,0,0,0,0,0,0,0,0,1,0
573,5,3,2013-04-27,2013,5,5,1,0,58,0,0,1,0,0,0,0,0,0,0,1,0,0,0,0,0
574,6,8,2013-04-28,2013,8,6,0,0,14,0,0,0,1,1,0,0,0,0,0,0,0,0,0,0,0
575,2,12,2013-04-28,2013,12,2,0,0,15,0,0,0,1,0,0,1,0,0,0,0,0,0,0,0,0
576,5,9,2013-04-29,2013,5,5,1,0,4,0,0,1,0,0,0,0,0,0,0,1,0,0,0,0,0
577,12,6,2013-04-30,2013,6,6,1,0,37,0,0,1,0,1,0,0,0,0,0,0,0,0,0,0,0
578,6,9,2013-05-02,2013,6,6,1,0,15,0,0,1,0,1,0,0,0,0,0,0,0,0,0,0,0
579,12,3,2013-05-02,2013,3,3,1,0,17,0,0,1,0,0,0,0,0,0,0,0,0,0,0,1,0
580,5,6,2013-05-05,2013,5,5,1,0,60,0,0,1,0,0,0,0,0,0,0,1,0,0,0,0,0
581,5,8,2013-05-07,2013,5,5,1,0,65,0,0,1,0,0,0,0,0,0,0,1,0,0,0,0,0
582,7,6,2013-05-08,2013,7,6,0,0,77,0,0,0,1,1,0,0,0,0,0,0,0,0,0,0,0
583,12,8,2013-05-09,2013,8,8,1,0,46,0,0,1,0,0,0,0,0,0,1,0,0,0,0,0,0
584,2,3,2013-05-10,2013,2,3,0,0,4,0,0,0,1,0,0,0,0,0,0,0,0,0,0,1,0
585,9,7,2013-05-11,2013,9,7,0,0,30,0,0,0,1,0,0,0,0,0,0,0,0,0,0,0,1
586,6,2,2013-05-14,2013,6,6,1,0,33,0,0,1,0,1,0,0,0,0,0,0,0,0,0,0,0
587,8,12,2013-05-15,2013,8,12,0,0,7,0,0,0,1,0,0,0,0,0,0,0,1,0,0,0,0
588,5,4,2013-05-15,2013,4,5,0,0,14,0,0,0,1,0,0,0,0,0,0,1,0,0,0,0,0
589,9,2,2013-05-16,2013,2,9,0,0,7,0,0,0,1,0,0,0,1,0,0,0,0,0,0,0,0
590,7,4,2013-05-17,2013,7,7,1,0,23,0,0,1,0,0,0,0,0,0,0,0,0,0,0,0,1
591,9,5,2013-05-18,2013,5,9,0,0,50,0,0,0,1,0,0,0,1,0,0,0,0,0,0,0,0
592,3,6,2013-05-18,2013,6,3,0,0,24,0,0,0,1,0,0,0,0,0,0,0,0,0,0,1,0
593,12,2,2013-05-19,2013,12,12,1,0,38,0,0,1,0,0,0,0,0,0,0,0,1,0,0,0,0
594,6,5,2013-05-21,2013,6,6,1,0,48,0,0,1,0,1,0,0,0,0,0,0,0,0,0,0,0
595,6,5,2013-05-26,2013,5,5,1,0,23,0,0,1,0,0,0,0,0,0,0,1,0,0,0,0,0
596,5,8,2014-04-16,2014,8,8,1,0,41,0,0,1,0,0,0,0,0,0,1,0,0,0,0,0,0
597,6,2,2014-04-21,2014,6,6,1,0,93,0,0,1,0,1,0,0,0,0,0,0,0,0,0,0,0
598,9,7,2014-04-22,2014,7,9,0,0,72,0,0,0,1,0,0,0,1,0,0,0,0,0,0,0,0
599,4,6,2014-04-23,2014,4,6,0,0,7,0,0,0,1,1,0,0,0,0,0,0,0,0,0,0,0
600,3,8,2014-04-24,2014,3,8,0,0,2,0,0,0,1,0,0,0,0,0,1,0,0,0,0,0,0
601,7,2,2014-04-25,2014,7,7,1,0,4,0,0,1,0,0,0,0,0,0,0,0,0,0,0,0,1
602,8,9,2014-04-26,2014,8,9,0,0,23,0,0,0,1,0,0,0,1,0,0,0,0,0,0,0,0
603,8,4,2014-04-29,2014,4,4,1,1,0,0,0,1,0,0,0,0,0,0,0,0,0,1,0,0,0
604,5,7,2014-04-30,2014,5,7,0,0,15,0,0,0,1,0,0,0,0,0,0,0,0,0,0,0,1
605,6,8,2014-05-02,2014,6,6,1,0,34,0,0,1,0,1,0,0,0,0,0,0,0,0,0,0,0
606,4,8,2014-05-05,2014,8,4,0,0,10,0,0,0,1,0,0,0,0,0,0,0,0,1,0,0,0
607,5,3,2014-05-06,2014,3,5,0,0,19,0,0,0,1,0,0,0,0,0,0,1,0,0,0,0,0
608,9,6,2014-05-07,2014,6,9,0,0,44,0,0,0,1,0,0,0,1,0,0,0,0,0,0,0,0
609,4,7,2014-05-08,2014,4,7,0,0,32,0,0,0,1,0,0,0,0,0,0,0,0,0,0,0,1
610,3,9,2014-05-09,2014,3,9,0,0,32,0,0,0,1,0,0,0,1,0,0,0,0,0,0,0,0
611,3,2,2014-05-13,2014,2,3,0,0,16,0,0,0,1,0,0,0,0,0,0,0,0,0,0,1,0
612,4,2,2014-05-15,2014,2,4,0,0,62,0,0,0,1,0,0,0,0,0,0,0,0,1,0,0,0
613,4,5,2014-05-19,2014,5,5,1,0,25,0,0,1,0,0,0,0,0,0,0,1,0,0,0,0,0
614,8,3,2014-05-22,2014,3,8,0,0,30,0,0,0,1,0,0,0,0,0,1,0,0,0,0,0,0
615,5,2,2014-05-23,2014,2,5,0,0,15,0,0,0,1,0,0,0,0,0,0,1,0,0,0,0,0
616,9,4,2014-05-23,2014,4,9,0,0,16,0,0,0,1,0,0,0,1,0,0,0,0,0,0,0,0
617,9,8,2014-05-28,2014,9,8,0,0,28,0,0,0,1,0,0,0,0,0,1,0,0,0,0,0,0
618,9,6,2014-05-30,2014,6,9,0,0,24,0,0,0,1,0,0,0,1,0,0,0,0,0,0,0,0
619,6,2,2015-04-09,2015,2,6,0,0,1,0,0,0,1,1,0,0,0,0,0,0,0,0,0,0,0
620,9,4,2015-04-10,2015,9,4,0,0,26,0,0,0,1,0,0,0,0,0,0,0,0,1,0,0,0
621,6,7,2015-04-11,2015,6,6,1,0,45,0,0,1,0,1,0,0,0,0,0,0,0,0,0,0,0
622,5,9,2015-04-12,2015,5,9,0,0,18,0,0,0,1,0,0,0,1,0,0,0,0,0,0,0,0
623,7,2,2015-04-18,2015,2,2,1,0,4,0,0,1,0,0,0,1,0,0,0,0,0,0,0,0,0
624,3,5,2015-04-19,2015,3,5,0,0,18,0,0,0,1,0,0,0,0,0,0,1,0,0,0,0,0
625,4,9,2015-04-21,2015,9,9,1,1,0,0,0,0,1,0,0,0,1,0,0,0,0,0,0,0,0
626,7,8,2015-04-22,2015,8,7,0,0,16,0,0,0,1,0,0,0,0,0,0,0,0,0,0,0,1
627,3,6,2015-04-22,2015,3,6,0,0,27,0,0,0,1,1,0,0,0,0,0,0,0,0,0,0,0
628,2,5,2015-04-23,2015,5,2,0,0,37,0,0,0,1,0,0,1,0,0,0,0,0,0,0,0,0
629,5,7,2015-04-25,2015,5,5,1,0,20,0,0,1,0,0,0,0,0,0,0,1,0,0,0,0,0
630,6,9,2015-04-25,2015,6,6,1,0,97,0,0,1,0,1,0,0,0,0,0,0,0,0,0,0,0
631,9,7,2015-04-27,2015,9,7,0,0,20,0,0,0,1,0,0,0,0,0,0,0,0,0,0,0,1
632,6,8,2015-04-28,2015,8,6,0,0,2,0,0,0,1,1,0,0,0,0,0,0,0,0,0,0,0
633,5,4,2015-05-01,2015,4,5,0,0,8,0,0,0,1,0,0,0,0,0,0,1,0,0,0,0,0
634,7,6,2015-05-02,2015,6,7,0,0,22,0,0,0,1,0,0,0,0,0,0,0,0,0,0,0,1
635,9,5,2015-05-03,2015,5,5,1,0,23,0,0,1,0,0,0,0,0,0,0,1,0,0,0,0,0
636,4,2,2015-05-03,2015,2,4,0,0,14,0,0,0,1,0,0,0,0,0,0,0,0,1,0,0,0
637,6,3,2015-05-04,2015,6,6,1,0,24,0,0,1,0,1,0,0,0,0,0,0,0,0,0,0,0
638,8,7,2015-05-04,2015,7,8,0,0,35,0,0,0,1,0,0,0,0,0,1,0,0,0,0,0,0
639,3,9,2015-05-06,2015,9,3,0,0,138,0,0,0,1,0,0,0,0,0,0,0,0,0,0,1,0
640,4,7,2015-05-07,2015,4,7,0,0,7,0,0,0,1,0,0,0,0,0,0,0,0,0,0,0,1
641,8,2,2015-05-07,2015,8,8,1,0,13,0,0,1,0,0,0,0,0,0,1,0,0,0,0,0,0
642,2,7,2015-05-09,2015,7,7,1,0,6,0,0,1,0,0,0,0,0,0,0,0,0,0,0,0,1
643,5,3,2015-05-10,2015,3,3,1,0,39,0,0,1,0,0,0,0,0,0,0,0,0,0,0,1,0
644,6,4,2015-05-10,2015,6,6,1,0,12,0,0,1,0,1,0,0,0,0,0,0,0,0,0,0,0
645,7,9,2015-05-11,2015,7,7,1,0,5,0,0,1,0,0,0,0,0,0,0,0,0,0,0,0,1
646,9,3,2015-05-13,2015,3,9,0,0,22,0,0,0,1,0,0,0,1,0,0,0,0,0,0,0,0
647,5,8,2015-05-14,2015,8,5,0,0,5,0,0,0,1,0,0,0,0,0,0,1,0,0,0,0,0
648,4,8,2015-05-16,2015,4,4,1,0,9,0,0,1,0,0,0,0,0,0,0,0,0,1,0,0,0
649,6,5,2015-05-19,2015,5,5,1,0,25,0,0,1,0,0,0,0,0,0,0,1,0,0,0,0,0
650,3,4,2015-05-20,2015,3,3,1,0,71,0,0,1,0,0,0,0,0,0,0,0,0,0,0,1,0
651,5,6,2015-05-24,2015,6,5,0,0,41,0,0,0,1,0,0,0,0,0,0,1,0,0,0,0,0
652,3,7,2016-04-12,2016,7,3,0,0,45,0,0,0,1,0,0,0,0,0,0,0,0,0,0,1,0
653,10,3,2016-04-22,2016,10,3,0,0,13,0,0,0,1,0,0,0,0,0,0,0,0,0,0,1,0
654,2,5,2016-04-23,2016,5,2,0,0,10,0,0,0,1,0,0,1,0,0,0,0,0,0,0,0,0
655,9,5,2016-04-25,2016,9,5,0,0,25,0,0,0,1,0,0,0,0,0,0,1,0,0,0,0,0
656,7,10,2016-04-26,2016,10,10,1,0,34,0,0,0,1,0,0,0,0,0,0,0,0,0,1,0,0
657,2,13,2016-04-27,2016,2,13,0,0,1,0,0,0,1,0,0,0,0,0,0,0,0,0,0,0,0
658,2,8,2016-04-30,2016,8,2,0,0,27,0,0,0,1,0,0,1,0,0,0,0,0,0,0,0,0
659,7,3,2016-04-30,2016,3,7,0,0,15,0,0,0,1,0,0,0,0,0,0,0,0,0,0,0,1
660,13,9,2016-05-01,2016,13,9,0,0,23,0,0,0,1,0,0,0,1,0,0,0,0,0,0,0,0
661,8,9,2016-05-04,2016,9,8,0,0,7,0,0,0,1,0,0,0,0,0,1,0,0,0,0,0,0
662,9,2,2016-05-07,2016,2,9,0,0,9,0,0,0,1,0,0,0,1,0,0,0,0,0,0,0,0
663,5,7,2016-05-08,2016,5,7,0,0,85,0,0,0,1,0,0,0,0,0,0,0,0,0,0,0,1
664,9,3,2016-05-09,2016,9,3,0,0,1,0,0,0,1,0,0,0,0,0,0,0,0,0,0,1,0
665,10,7,2016-05-10,2016,7,7,1,0,4,0,0,1,0,0,0,0,0,0,0,0,0,0,0,0,1
666,3,13,2016-05-14,2016,13,3,0,0,144,0,0,0,1,0,0,0,0,0,0,0,0,0,0,1,0
667,5,2,2016-05-15,2016,2,5,0,0,80,0,0,0,1,0,0,0,0,0,0,1,0,0,0,0,0
668,10,2,2016-05-17,2016,10,10,1,0,19,0,0,0,1,0,0,0,0,0,0,0,0,0,1,0,0
669,3,9,2016-05-18,2016,9,3,0,0,82,0,0,0,1,0,0,0,0,0,0,0,0,0,0,1,0
670,8,7,2016-05-22,2016,7,8,0,0,22,0,0,0,1,0,0,0,0,0,1,0,0,0,0,0,0
671,7,8,2016-05-25,2016,8,7,0,0,22,0,0,0,1,0,0,0,0,0,0,0,0,0,0,0,1
672,3,7,2016-05-29,2016,7,7,1,0,8,0,0,1,0,0,0,0,0,0,0,0,0,0,0,0,1
673,7,3,2017-04-05,2017,3,7,0,0,35,0,0,0,1,0,0,0,0,0,0,0,0,0,0,0,1
674,3,2,2017-04-08,2017,3,3,1,0,15,0,0,1,0,0,0,0,0,0,0,0,0,0,0,1,0
675,10,2,2017-04-11,2017,10,2,0,0,97,0,0,0,1,0,0,1,0,0,0,0,0,0,0,0,0
676,8,7,2017-04-15,2017,7,8,0,0,17,0,0,0,1,0,0,0,0,0,1,0,0,0,0,0,0
677,2,9,2017-04-15,2017,2,2,1,0,51,0,0,1,0,0,0,1,0,0,0,0,0,0,0,0,0
678,3,10,2017-04-16,2017,3,10,0,0,27,0,0,0,1,0,0,0,0,0,0,0,0,0,1,0,0
679,7,9,2017-04-17,2017,9,7,0,0,5,0,0,0,1,0,0,0,0,0,0,0,0,0,0,0,1
680,13,3,2017-04-18,2017,13,3,0,0,21,0,0,0,1,0,0,0,0,0,0,0,0,0,0,1,0
681,7,2,2017-04-19,2017,7,7,1,0,15,0,0,1,0,0,0,0,0,0,0,0,0,0,0,0,1
682,5,2,2017-04-22,2017,2,5,0,0,14,0,0,0,1,0,0,0,0,0,0,1,0,0,0,0,0
683,13,9,2017-04-23,2017,13,9,0,0,26,0,0,0,1,0,0,0,1,0,0,0,0,0,0,0,0
684,8,3,2017-04-23,2017,3,8,0,0,82,0,0,0,1,0,0,0,0,0,1,0,0,0,0,0,0
685,5,10,2017-04-24,2017,5,10,0,0,3,0,0,0,1,0,0,0,0,0,0,0,0,0,1,0,0
686,9,7,2017-04-28,2017,9,7,0,0,26,0,0,0,1,0,0,0,0,0,0,0,0,0,0,0,1
687,10,3,2017-04-29,2017,3,10,0,0,61,0,0,0,1,0,0,0,0,0,0,0,0,0,1,0,0
688,13,5,2017-04-29,2017,13,5,0,1,0,0,0,1,0,0,0,0,0,0,0,1,0,0,0,0,0
689,7,8,2017-04-30,2017,8,7,0,0,48,0,0,0,1,0,0,0,0,0,0,0,0,0,0,0,1
690,3,9,2017-05-05,2017,3,9,0,0,19,0,0,0,1,0,0,0,1,0,0,0,0,0,0,0,0
691,7,10,2017-05-06,2017,7,10,0,0,12,0,0,0,1,0,0,0,0,0,0,0,0,0,1,0,0
692,2,5,2017-05-06,2017,2,5,0,0,146,0,0,0,1,0,0,0,0,0,0,1,0,0,0,0,0
693,9,8,2017-05-09,2017,8,9,0,0,14,0,0,0,1,0,0,0,1,0,0,0,0,0,0,0,0
694,5,9,2017-05-11,2017,5,9,0,0,7,0,0,0,1,0,0,0,1,0,0,0,0,0,0,0,0
695,2,10,2017-05-12,2017,2,2,1,0,7,0,0,1,0,0,0,1,0,0,0,0,0,0,0,0,0
696,8,5,2017-05-13,2017,8,5,0,0,9,0,0,0,1,0,0,0,0,0,0,1,0,0,0,0,0
697,2,3,2017-05-14,2017,3,3,1,0,10,0,0,1,0,0,0,0,0,0,0,0,0,0,0,1,0
698,5,10,2017-05-16,2017,5,10,0,0,20,0,0,0,1,0,0,0,0,0,0,0,0,0,1,0,0
699,10,5,2017-05-21,2017,5,5,1,0,1,0,0,1,0,0,0,0,0,0,0,1,0,0,0,0,0
700,4,2,2018-04-11,2018,2,4,0,0,10,0,0,0,1,0,0,0,0,0,0,0,0,1,0,0,0
701,3,4,2018-04-15,2018,3,4,0,0,19,0,0,0,1,0,0,0,0,0,0,0,0,1,0,0,0
702,9,6,2018-04-15,2018,6,9,0,0,4,0,0,0,1,0,0,0,1,0,0,0,0,0,0,0,0
703,8,2,2018-04-16,2018,2,8,0,0,71,0,0,0,1,0,0,0,0,0,1,0,0,0,0,0,0
704,5,3,2018-04-17,2018,3,5,0,0,46,0,0,0,1,0,0,0,0,0,0,1,0,0,0,0,0
705,9,7,2018-04-19,2018,9,9,1,0,15,0,0,1,0,0,0,0,1,0,0,0,0,0,0,0,0
706,6,4,2018-04-20,2018,4,6,0,0,64,0,0,0,1,1,0,0,0,0,0,0,0,0,0,0,0
707,7,6,2018-04-22,2018,7,6,0,0,4,0,0,0,1,1,0,0,0,0,0,0,0,0,0,0,0
708,2,9,2018-04-23,2018,2,9,0,0,4,0,0,0,1,0,0,0,1,0,0,0,0,0,0,0,0
709,5,7,2018-04-24,2018,5,7,0,0,31,0,0,0,1,0,0,0,0,0,0,0,0,0,0,0,1
710,7,9,2018-04-26,2018,9,7,0,0,13,0,0,0,1,0,0,0,0,0,0,0,0,0,0,0,1
711,2,8,2018-04-27,2018,8,2,0,0,55,0,0,0,1,0,0,1,0,0,0,0,0,0,0,0,0
712,4,7,2018-04-29,2018,7,7,1,0,11,0,0,1,0,0,0,0,0,0,0,0,0,0,0,0,1
713,6,2,2018-04-30,2018,2,6,0,0,13,0,0,0,1,1,0,0,0,0,0,0,0,0,0,0,0
714,3,5,2018-05-01,2018,5,3,0,0,14,0,0,0,1,0,0,0,0,0,0,0,0,0,0,1,0
715,2,4,2018-05-02,2018,4,2,0,0,4,0,0,0,1,0,0,1,0,0,0,0,0,0,0,0,0
716,5,8,2018-05-06,2018,8,5,0,0,13,0,0,0,1,0,0,0,0,0,0,1,0,0,0,0,0
717,7,3,2018-05-07,2018,3,7,0,0,5,0,0,0,1,0,0,0,0,0,0,0,0,0,0,0,1
718,4,9,2018-05-08,2018,4,4,1,0,15,0,0,1,0,0,0,0,0,0,0,0,0,1,0,0,0
719,8,5,2018-05-09,2018,8,5,0,0,102,0,0,0,1,0,0,0,0,0,0,1,0,0,0,0,0
720,9,8,2018-05-12,2018,9,8,0,0,31,0,0,0,1,0,0,0,0,0,1,0,0,0,0,0,0
721,5,9,2018-05-16,2018,9,5,0,0,3,0,0,0,1,0,0,0,0,0,0,1,0,0,0,0,0
722,3,7,2018-05-17,2018,7,3,0,0,14,0,0,0,1,0,0,0,0,0,0,0,0,0,0,1,0
723,2,6,2018-05-18,2018,6,2,0,0,34,0,0,0,1,0,0,1,0,0,0,0,0,0,0,0,0
724,4,3,2018-05-19,2018,4,4,1,0,30,0,0,1,0,0,0,0,0,0,0,0,0,1,0,0,0
725,2,5,2018-05-20,2018,2,2,1,0,11,0,0,1,0,0,0,1,0,0,0,0,0,0,0,0,0
726,8,4,2018-05-23,2018,4,8,0,0,25,0,0,0,1,0,0,0,0,0,1,0,0,0,0,0,0
727,7,8,2018-05-25,2018,8,7,0,0,14,0,0,0,1,0,0,0,0,0,0,0,0,0,0,0,1
728,5,2,2019-03-24,2019,5,2,0,0,37,0,0,0,1,0,0,1,0,0,0,0,0,0,0,0,0
729,4,9,2019-03-25,2019,4,9,0,0,14,0,0,0,1,0,0,0,1,0,0,0,0,0,0,0,0
730,8,9,2019-03-27,2019,9,8,0,0,28,0,0,0,1,0,0,0,0,0,1,0,0,0,0,0,0
731,3,5,2019-03-28,2019,3,5,0,0,6,0,0,0,1,0,0,0,0,0,0,1,0,0,0,0,0
732,2,8,2019-03-30,2019,2,2,1,1,0,0,0,0,1,0,0,1,0,0,0,0,0,0,0,0,0
733,7,3,2019-03-31,2019,3,7,0,0,118,0,0,0,1,0,0,0,0,0,0,0,0,0,0,0,1
734,6,4,2019-03-31,2019,4,6,0,0,8,0,0,0,1,1,0,0,0,0,0,0,0,0,0,0,0
735,9,2,2019-04-01,2019,2,9,0,0,14,0,0,0,1,0,0,0,1,0,0,0,0,0,0,0,0
736,5,6,2019-04-03,2019,6,5,0,0,37,0,0,0,1,0,0,0,0,0,0,1,0,0,0,0,0
737,6,9,2019-04-06,2019,6,6,1,0,22,0,0,1,0,1,0,0,0,0,0,0,0,0,0,0,0
738,7,5,2019-04-06,2019,7,5,0,0,40,0,0,0,1,0,0,0,0,0,0,1,0,0,0,0,0
739,7,2,2019-04-14,2019,7,2,0,0,39,0,0,0,1,0,0,1,0,0,0,0,0,0,0,0,0
740,9,4,2019-04-16,2019,4,9,0,0,12,0,0,0,1,0,0,0,1,0,0,0,0,0,0,0,0
741,2,5,2019-04-18,2019,5,5,1,0,40,0,0,1,0,0,0,0,0,0,0,1,0,0,0,0,0
742,8,3,2019-04-19,2019,8,3,0,0,10,0,0,0,1,0,0,0,0,0,0,0,0,0,0,1,0
743,3,6,2019-04-21,2019,6,3,0,0,1,0,0,0,1,0,0,0,0,0,0,0,0,0,0,1,0
744,3,9,2019-04-24,2019,9,3,0,0,17,0,0,0,1,0,0,0,0,0,0,0,0,0,0,1,0
745,6,5,2019-04-26,2019,6,5,0,0,46,0,0,0,1,0,0,0,0,0,0,1,0,0,0,0,0
746,2,3,2019-04-28,2019,2,2,1,0,16,0,0,1,0,0,0,1,0,0,0,0,0,0,0,0,0
747,8,5,2019-04-28,2019,5,8,0,0,34,0,0,0,1,0,0,0,0,0,1,0,0,0,0,0,0
748,7,9,2019-04-29,2019,9,7,0,0,45,0,0,0,1,0,0,0,0,0,0,0,0,0,0,0,1
749,6,2,2019-05-01,2019,2,6,0,0,80,0,0,0,1,1,0,0,0,0,0,0,0,0,0,0,0
750,5,7,2019-05-02,2019,5,5,1,1,0,0,0,1,0,0,0,0,0,0,0,1,0,0,0,0,0
751,5,6,2019-05-12,2019,5,5,1,0,0,0,0,1,0,0,0,0,0,0,0,1,0,0,0,0,0
